Region,Year,value
AUT,2020,8904262.0
AUT,2021,8929211.2
AUT,2022,8954160.399999999
AUT,2023,8979109.599999998
AUT,2024,9004058.799999997
BEL,2020,11507338.0
BEL,2021,11538111.6
BEL,2022,11568885.2
BEL,2023,11599658.799999999
BEL,2024,11630432.399999999
BGR,2020,6949549.0
BGR,2021,6897716.8
BGR,2022,6845884.6
BGR,2023,6794052.399999999
BGR,2024,6742220.199999999
CYP,2020,887331.0
CYP,2021,895523.8
CYP,2022,903716.6000000001
CYP,2023,911909.4000000001
CYP,2024,920102.2000000002
CZE,2020,10693861.0
CZE,2021,10713050.0
CZE,2022,10732239.0
CZE,2023,10751428.0
CZE,2024,10770617.0
DEU,2020,83135181.0
DEU,2021,83204606.2
DEU,2022,83274031.4
DEU,2023,83343456.60000001
DEU,2024,83412881.80000001
DNK,2020,5811651.0
DNK,2021,5826175.8
DNK,2022,5840700.6
DNK,2023,5855225.399999999
DNK,2024,5869750.199999999
ESP,2020,47321434.0
ESP,2021,47519271.0
ESP,2022,47717108.0
ESP,2023,47914945.0
ESP,2024,48112782.0
EST,2020,1329916.0
EST,2021,1328420.8
EST,2022,1326925.6
EST,2023,1325430.4000000001
EST,2024,1323935.2000000002
FIN,2020,5527189.0
FIN,2021,5529239.4
FIN,2022,5531289.800000001
FIN,2023,5533340.200000001
FIN,2024,5535390.6000000015
FRA,2020,67197367.0
FRA,2021,67365255.2
FRA,2022,67533143.4
FRA,2023,67701031.60000001
FRA,2024,67868919.80000001
GBR,2020,67080000.0
GBR,2021,67080000.0
GBR,2022,67080000.0
GBR,2023,67080000.0
GBR,2024,67080000.0
GRC,2020,10696535.0
GRC,2021,10659267.2
GRC,2022,10621999.399999999
GRC,2023,10584731.599999998
GRC,2024,10547463.799999997
HRV,2020,4056285.0
HRV,2021,4032329.8
HRV,2022,4008374.5999999996
HRV,2023,3984419.3999999994
HRV,2024,3960464.1999999993
HUN,2020,9771975.0
HUN,2021,9757024.0
HUN,2022,9742073.0
HUN,2023,9727122.0
HUN,2024,9712171.0
IRL,2020,4966879.0
IRL,2021,5028089.2
IRL,2022,5089299.4
IRL,2023,5150509.600000001
IRL,2024,5211719.800000001
ITA,2020,60286529.0
ITA,2021,60246929.0
ITA,2022,60207329.0
ITA,2023,60167729.0
ITA,2024,60128129.0
LTU,2020,2793592.0
LTU,2021,2776456.6
LTU,2022,2759321.2
LTU,2023,2742185.8000000003
LTU,2024,2725050.4000000004
LUX,2020,626031.0
LUX,2021,633297.6
LUX,2022,640564.2
LUX,2023,647830.7999999999
LUX,2024,655097.3999999999
LVA,2020,1907094.0
LVA,2021,1888785.2
LVA,2022,1870476.4
LVA,2023,1852167.5999999999
LVA,2024,1833858.7999999998
MLT,2020,506951.0
MLT,2021,517046.0
MLT,2022,527141.0
MLT,2023,537236.0
MLT,2024,547331.0
NLD,2020,17404793.0
NLD,2021,17474045.4
NLD,2022,17543297.799999997
NLD,2023,17612550.199999996
NLD,2024,17681802.599999994
POL,2020,37941122.0
POL,2021,37866347.2
POL,2022,37791572.400000006
POL,2023,37716797.60000001
POL,2024,37642022.80000001
PRT,2020,10291457.0
PRT,2021,10277285.8
PRT,2022,10263114.600000001
PRT,2023,10248943.400000002
PRT,2024,10234772.200000003
ROU,2020,19281118.0
ROU,2021,19126403.8
ROU,2022,18971689.6
ROU,2023,18816975.400000002
ROU,2024,18662261.200000003
SVK,2020,5457679.0
SVK,2021,5459721.4
SVK,2022,5461763.800000001
SVK,2023,5463806.200000001
SVK,2024,5465848.6000000015
SVN,2020,2095314.0
SVN,2021,2099171.8
SVN,2022,2103029.5999999996
SVN,2023,2106887.3999999994
SVN,2024,2110745.1999999993
SWE,2020,10322613.0
SWE,2021,10407467.6
SWE,2022,10492322.2
SWE,2023,10577176.799999999
SWE,2024,10662031.399999999
