Region,Building type,value
AUT,Ret,33445086.751682725
AUT,Off,46503047.45279182
AUT,Hot,30288592.437147275
AUT,Edu,28190472.451704547
AUT,Hea,9829988.203832725
AUT,Oth,24073606.60552182
BEL,Ret,48757623.02272727
BEL,Off,63673525.11079545
BEL,Hot,26303708.620387275
BEL,Edu,33976466.24964364
BEL,Hea,14704279.453119999
BEL,Oth,23314737.992892727
BGR,Ret,17202809.846586365
BGR,Off,29509200.110795453
BGR,Hot,7719068.77486
BGR,Edu,10844323.502124544
BGR,Hea,5280390.848365455
BGR,Oth,11540185.782665456
CYP,Ret,3995530.7215872733
CYP,Off,1480488.2145236363
CYP,Hot,2473495.438689091
CYP,Edu,3185473.8022054546
CYP,Hea,1373792.5000954547
CYP,Oth,1989944.0834181819
CZE,Ret,16007432.465899091
CZE,Off,29206356.609380003
CZE,Hot,6571122.009231819
CZE,Edu,10299056.26847091
CZE,Hea,6591242.121617272
CZE,Oth,19504136.323863637
DEU,Ret,247023288.0667564
DEU,Off,721869790.8048737
DEU,Hot,322745921.3087582
DEU,Edu,183366885.02272728
DEU,Hea,81974845.93750001
DEU,Oth,206566986.67254272
DNK,Ret,15098668.870733636
DNK,Off,50868055.184659086
DNK,Hot,11234146.953303635
DNK,Edu,18560369.914772727
DNK,Hea,13095106.332385454
DNK,Oth,27018111.702417273
ESP,Ret,84591285.56818181
ESP,Off,85327985.05895637
ESP,Hot,47928883.654121816
ESP,Edu,48412725.44886364
ESP,Hea,24908981.289065454
ESP,Oth,85895474.77983455
EST,Ret,2492262.386007273
EST,Off,2763137.736512727
EST,Hot,1144433.6750645456
EST,Edu,2073839.5020481818
EST,Hea,1415262.2450381815
EST,Oth,6113242.1882054545
FIN,Ret,23562281.81321273
FIN,Off,35169197.90909091
FIN,Hot,12062600.677551817
FIN,Edu,20307562.464483637
FIN,Hea,11471914.205436364
FIN,Oth,8063037.248400908
FRA,Ret,370201377.6363636
FRA,Off,353364080.3508473
FRA,Hot,135331902.63245365
FRA,Edu,229734132.9318182
FRA,Hea,157092489.34943184
FRA,Oth,199782556.10440093
GBR,Ret,262782111.74999997
GBR,Off,166255736.1818182
GBR,Hot,86215082.58522728
GBR,Edu,101927872.82954545
GBR,Hea,71476086.68181819
GBR,Oth,153092007.625
GRC,Ret,57532088.50568182
GRC,Off,45213010.272727266
GRC,Hot,62874852.41761363
GRC,Edu,38146216.98011363
GRC,Hea,31291498.416192725
GRC,Oth,28443613.82813
HRV,Ret,3656952.3169345455
HRV,Off,8898686.003181819
HRV,Hot,18640734.737923637
HRV,Edu,5201582.905540909
HRV,Hea,4099295.565689091
HRV,Oth,0.0
HUN,Ret,33786360.75
HUN,Off,26902389.667613637
HUN,Hot,41819537.971590914
HUN,Edu,18901532.06445
HUN,Hea,15864291.282140909
HUN,Oth,15282592.241477273
IRL,Ret,11937371.210935455
IRL,Off,19723992.289772727
IRL,Hot,8579758.08024818
IRL,Edu,7084402.4417663645
IRL,Hea,3836492.565340909
IRL,Oth,5695727.634947272
ITA,Ret,199740368.80681816
ITA,Off,146006754.01136366
ITA,Hot,72929505.40909092
ITA,Edu,96849909.0909091
ITA,Hea,62983487.65909091
ITA,Oth,93660602.93181819
LTU,Ret,5129271.870745454
LTU,Off,10178873.842324547
LTU,Hot,3431246.5722554545
LTU,Edu,5082548.9026981825
LTU,Hea,3669117.77344
LTU,Oth,6431856.747861818
LUX,Ret,4637947.248575454
LUX,Off,3462164.722480909
LUX,Hot,2061299.0596563634
LUX,Edu,2168318.8828127272
LUX,Hea,1104390.57085
LUX,Oth,1097268.8581227271
LVA,Ret,4323373.789950909
LVA,Off,6531142.95632091
LVA,Hot,2595445.4574709088
LVA,Edu,3049140.9435381815
LVA,Hea,2388419.2159945453
LVA,Oth,4158080.6462136363
MLT,Ret,1619415.9999090908
MLT,Off,1304017.6629845456
MLT,Hot,794672.852998182
MLT,Edu,1725441.9850872727
MLT,Hea,384577.5314390909
MLT,Oth,908553.7671363635
NLD,Ret,84740028.72727272
NLD,Off,61692154.86506181
NLD,Hot,21449148.071735453
NLD,Edu,36136269.544029094
NLD,Hea,28656931.689628184
NLD,Oth,130729940.30113636
POL,Ret,122158013.63636363
POL,Off,91681886.81818181
POL,Hot,60861071.29545455
POL,Edu,56233072.096590914
POL,Hea,41745042.70454545
POL,Oth,53213391.17045454
PRT,Ret,45040188.74715909
PRT,Off,48049254.42649273
PRT,Hot,30680435.873218182
PRT,Edu,26721265.50852273
PRT,Hea,18933695.65660909
PRT,Oth,24001356.283026364
ROU,Ret,25939553.30681818
ROU,Off,17352351.1495
ROU,Hot,9850214.612923637
ROU,Edu,16354378.408378182
ROU,Hea,9475990.038001819
ROU,Oth,13515906.784090906
SVK,Ret,5103706.867531818
SVK,Off,17516989.669741817
SVK,Hot,10611687.142396364
SVK,Edu,10913498.50284091
SVK,Hea,5680632.900568182
SVK,Oth,4687388.805045455
SVN,Ret,8717060.751771819
SVN,Off,8444079.39542
SVN,Hot,4257458.050156363
SVN,Edu,3791047.69336
SVN,Hea,1858597.2478999998
SVN,Oth,6599863.392055455
SWE,Ret,25779552.558243636
SWE,Off,67994625.94602273
SWE,Hot,23816745.58806818
SWE,Edu,43145494.47159091
SWE,Hea,38550853.85511363
SWE,Oth,47554946.17756183
