Region,Building type,Time,value
AUT,SFH,2020,0.5659889954354496
AUT,SFH,2021,0.5660013313520931
AUT,SFH,2022,0.5660134826924687
AUT,SFH,2023,0.566025453568401
AUT,SFH,2024,0.566037247970482
AUT,SFH,2025,0.5660488697725072
AUT,SFH,2026,0.5660610858604871
AUT,SFH,2027,0.5660731224127283
AUT,SFH,2028,0.5660849833582239
AUT,SFH,2029,0.5660966725121532
AUT,SFH,2030,0.5661081935799743
AUT,SFH,2031,0.5661137344735822
AUT,SFH,2032,0.5661192097059834
AUT,SFH,2033,0.5661246204374599
AUT,SFH,2034,0.5661299678011162
AUT,SFH,2035,0.5661352529036706
AUT,SFH,2036,0.5661404768262189
AUT,SFH,2037,0.5661456406249714
AUT,SFH,2038,0.5661507453319653
AUT,SFH,2039,0.5661557919557514
AUT,SFH,2040,0.5661607814820597
AUT,SFH,2041,0.5661614454319847
AUT,SFH,2042,0.5661621035676198
AUT,SFH,2043,0.5661627559650066
AUT,SFH,2044,0.5661634026988669
AUT,SFH,2045,0.5661640438426302
AUT,SFH,2046,0.5661646794684625
AUT,SFH,2047,0.5661653096472925
AUT,SFH,2048,0.5661659344488388
AUT,SFH,2049,0.5661665539416353
AUT,SFH,2050,0.5661671681930557
BEL,SFH,2020,0.6923357595843669
BEL,SFH,2021,0.6921448359866101
BEL,SFH,2022,0.691956145535097
BEL,SFH,2023,0.6917696492774913
BEL,SFH,2024,0.6915853091621379
BEL,SFH,2025,0.6914030880121794
BEL,SFH,2026,0.6912077656918354
BEL,SFH,2027,0.6910149330042122
BEL,SFH,2028,0.6908245426504239
BEL,SFH,2029,0.6906365485221783
BEL,SFH,2030,0.6904509056645494
BEL,SFH,2031,0.6902651192236576
BEL,SFH,2032,0.6900817908598101
BEL,SFH,2033,0.6899008721106327
BEL,SFH,2034,0.6897223157793841
BEL,SFH,2035,0.6895460758939085
BEL,SFH,2036,0.6893721076671737
BEL,SFH,2037,0.6892003674593262
BEL,SFH,2038,0.689030812741196
BEL,SFH,2039,0.6888634020591837
BEL,SFH,2040,0.688698095001473
BEL,SFH,2041,0.6886012727834774
BEL,SFH,2042,0.6885054867616556
BEL,SFH,2043,0.6884107203904094
BEL,SFH,2044,0.688316957474534
BEL,SFH,2045,0.6882241821599923
BEL,SFH,2046,0.6881323789249763
BEL,SFH,2047,0.6880415325712523
BEL,SFH,2048,0.6879516282157712
BEL,SFH,2049,0.6878626512825403
BEL,SFH,2050,0.6877745874947464
BGR,SFH,2020,0.6423005335269855
BGR,SFH,2021,0.6429206039784336
BGR,SFH,2022,0.6435483910827831
BGR,SFH,2023,0.6441840397902778
BGR,SFH,2024,0.6448276987043795
BGR,SFH,2025,0.6454795201975876
BGR,SFH,2026,0.6461396605316951
BGR,SFH,2027,0.6468082799826784
BGR,SFH,2028,0.6474855429704292
BGR,SFH,2029,0.6481716181935514
BGR,SFH,2030,0.6488666787694545
BGR,SFH,2031,0.6495180737572972
BGR,SFH,2032,0.6501756849055741
BGR,SFH,2033,0.6508396016206501
BGR,SFH,2034,0.6515099150317128
BGR,SFH,2035,0.6521867180324706
BGR,SFH,2036,0.652870105324068
BGR,SFH,2037,0.6535601734592605
BGR,SFH,2038,0.6542570208878898
BGR,SFH,2039,0.6549607480037071
BGR,SFH,2040,0.6556714571925892
BGR,SFH,2041,0.6564946496680282
BGR,SFH,2042,0.6573248727136545
BGR,SFH,2043,0.6581622167838284
BGR,SFH,2044,0.659006773891291
BGR,SFH,2045,0.659858637640871
BGR,SFH,2046,0.6607179032640677
BGR,SFH,2047,0.6615846676545415
BGR,SFH,2048,0.6624590294045368
BGR,SFH,2049,0.6633410888422664
BGR,SFH,2050,0.6642309480702886
CYP,SFH,2020,0.8445935019402855
CYP,SFH,2021,0.8431291082111576
CYP,SFH,2022,0.8416977798208761
CYP,SFH,2023,0.8402984093714292
CYP,SFH,2024,0.8389299383696347
CYP,SFH,2025,0.8375913545569567
CYP,SFH,2026,0.8363440034783233
CYP,SFH,2027,0.835122452023341
CYP,SFH,2028,0.8339259079443085
CYP,SFH,2029,0.8327536111023591
CYP,SFH,2030,0.8316048318571121
CYP,SFH,2031,0.8305690857889778
CYP,SFH,2032,0.829551101582304
CYP,SFH,2033,0.8285504262279456
CYP,SFH,2034,0.8275666219919827
CYP,SFH,2035,0.8265992657772631
CYP,SFH,2036,0.8256479485167008
CYP,SFH,2037,0.824712274596504
CYP,SFH,2038,0.8237918613076253
CYP,SFH,2039,0.8228863383238334
CYP,SFH,2040,0.8219953472049144
CYP,SFH,2041,0.8213684223732125
CYP,SFH,2042,0.8207478906896835
CYP,SFH,2043,0.8201336548579732
CYP,SFH,2044,0.8195256195460809
CYP,SFH,2045,0.8189236913370332
CYP,SFH,2046,0.8183277786810395
CYP,SFH,2047,0.8177377918490716
CYP,SFH,2048,0.8171536428878247
CYP,SFH,2049,0.8165752455760058
CYP,SFH,2050,0.8160025153819086
CZE,SFH,2020,0.5895546545353172
CZE,SFH,2021,0.5896655856550562
CZE,SFH,2022,0.5897759062013824
CZE,SFH,2023,0.5898856212014253
CZE,SFH,2024,0.5899947356272781
CZE,SFH,2025,0.5901032543967486
CZE,SFH,2026,0.5901914194868848
CZE,SFH,2027,0.5902791980624623
CZE,SFH,2028,0.5903665926596335
CZE,SFH,2029,0.5904536057924114
CZE,SFH,2030,0.5905402399529096
CZE,SFH,2031,0.5907818411765375
CZE,SFH,2032,0.5910232193267441
CZE,SFH,2033,0.5912643747123367
CZE,SFH,2034,0.5915053076415526
CZE,SFH,2035,0.5917460184220608
CZE,SFH,2036,0.591986507360963
CZE,SFH,2037,0.5922267747647957
CZE,SFH,2038,0.5924668209395302
CZE,SFH,2039,0.5927066461905752
CZE,SFH,2040,0.592946250822777
CZE,SFH,2041,0.5932737368676082
CZE,SFH,2042,0.5936009222306938
CZE,SFH,2043,0.5939278073259512
CZE,SFH,2044,0.5942543925665373
CZE,SFH,2045,0.5945806783648527
CZE,SFH,2046,0.5949066651325412
CZE,SFH,2047,0.5952323532804926
CZE,SFH,2048,0.5955577432188448
CZE,SFH,2049,0.5958828353569839
CZE,SFH,2050,0.596207630103548
DEU,SFH,2020,0.6326375157339794
DEU,SFH,2021,0.6325528827900927
DEU,SFH,2022,0.6324685080947936
DEU,SFH,2023,0.6323843904678546
DEU,SFH,2024,0.6323005287362293
DEU,SFH,2025,0.6322169217339978
DEU,SFH,2026,0.6320934738892368
DEU,SFH,2027,0.63197039223625
DEU,SFH,2028,0.631847675148061
DEU,SFH,2029,0.6317253210073172
DEU,SFH,2030,0.6316033282062189
DEU,SFH,2031,0.6315378752846365
DEU,SFH,2032,0.6314724442357705
DEU,SFH,2033,0.631407035048659
DEU,SFH,2034,0.631341647712347
DEU,SFH,2035,0.631276282215887
DEU,SFH,2036,0.6312109385483391
DEU,SFH,2037,0.6311456166987701
DEU,SFH,2038,0.6310803166562545
DEU,SFH,2039,0.6310150384098742
DEU,SFH,2040,0.6309497819487179
DEU,SFH,2041,0.6309086688071804
DEU,SFH,2042,0.6308675094680818
DEU,SFH,2043,0.6308263038535121
DEU,SFH,2044,0.630785051885386
DEU,SFH,2045,0.630743753485443
DEU,SFH,2046,0.6307024085752453
DEU,SFH,2047,0.6306610170761789
DEU,SFH,2048,0.6306195789094529
DEU,SFH,2049,0.6305780939960979
DEU,SFH,2050,0.6305365622569666
DNK,SFH,2020,0.7054949292956416
DNK,SFH,2021,0.7053427498939375
DNK,SFH,2022,0.7051926544808048
DNK,SFH,2023,0.7050446005392537
DNK,SFH,2024,0.7048985467010425
DNK,SFH,2025,0.7047544527081417
DNK,SFH,2026,0.7045942254494671
DNK,SFH,2027,0.7044361554206645
DNK,SFH,2028,0.7042801993470478
DNK,SFH,2029,0.7041263151037132
DNK,SFH,2030,0.7039744616776056
DNK,SFH,2031,0.7038825176591479
DNK,SFH,2032,0.7037913834060103
DNK,SFH,2033,0.7037010482675001
DNK,SFH,2034,0.7036115017788905
DNK,SFH,2035,0.703522733657381
DNK,SFH,2036,0.70343473379816
DNK,SFH,2037,0.7033474922705709
DNK,SFH,2038,0.7032609993143757
DNK,SFH,2039,0.7031752453361158
DNK,SFH,2040,0.7030902209055638
DNK,SFH,2041,0.7030767376354751
DNK,SFH,2042,0.7030633261507233
DNK,SFH,2043,0.7030499858795497
DNK,SFH,2044,0.703036716256251
DNK,SFH,2045,0.7030235167211005
DNK,SFH,2046,0.7030103867202678
DNK,SFH,2047,0.7029973257057431
DNK,SFH,2048,0.7029843331352597
DNK,SFH,2049,0.7029714084722192
DNK,SFH,2050,0.7029585511856182
ESP,SFH,2020,0.5177670454727819
ESP,SFH,2021,0.5160257247688241
ESP,SFH,2022,0.5143093932132278
ESP,SFH,2023,0.5126175167210666
ESP,SFH,2024,0.5109495763195162
ESP,SFH,2025,0.5093050676171068
ESP,SFH,2026,0.5075086037601367
ESP,SFH,2027,0.5057393294029319
ESP,SFH,2028,0.5039966319115468
ESP,SFH,2029,0.502279916919993
ESP,SFH,2030,0.500588607654368
ESP,SFH,2031,0.49872210484557206
ESP,SFH,2032,0.4968834897936051
ESP,SFH,2033,0.49507214211902273
ESP,SFH,2034,0.4932874597078755
ESP,SFH,2035,0.49152885804439544
ESP,SFH,2036,0.489795769572724
ESP,SFH,2037,0.48808764308622116
ESP,SFH,2038,0.48640394314297286
ESP,SFH,2039,0.4847441495061949
ESP,SFH,2040,0.4831077566083069
ESP,SFH,2041,0.4814839786413846
ESP,SFH,2042,0.4798787454284034
ESP,SFH,2043,0.478291741080848
ESP,SFH,2044,0.4767226568440936
ESP,SFH,2045,0.4751711908971498
ESP,SFH,2046,0.4736370481591136
ESP,SFH,2047,0.4721199401020695
ESP,SFH,2048,0.4706195845701876
ESP,SFH,2049,0.46913570560478157
ESP,SFH,2050,0.4676680332750985
EST,SFH,2020,0.47965806436483793
EST,SFH,2021,0.4795284667105577
EST,SFH,2022,0.47939928861822606
EST,SFH,2023,0.4792705280536888
EST,SFH,2024,0.4791421829959201
EST,SFH,2025,0.4790142514369165
EST,SFH,2026,0.4791228431411839
EST,SFH,2027,0.4792315666878622
EST,SFH,2028,0.4793404223172041
EST,SFH,2029,0.4794494102700468
EST,SFH,2030,0.47955853078781313
EST,SFH,2031,0.4798545972875649
EST,SFH,2032,0.4801521607918771
EST,SFH,2033,0.48045123268350975
EST,SFH,2034,0.48075182446091774
EST,SFH,2035,0.4810539477397242
EST,SFH,2036,0.48135761425421675
EST,SFH,2037,0.48166283585886643
EST,SFH,2038,0.4819696245298705
EST,SFH,2039,0.48227799236671925
EST,SFH,2040,0.48258795159378653
EST,SFH,2041,0.4830720071713694
EST,SFH,2042,0.48355902965306996
EST,SFH,2043,0.4840490464001451
EST,SFH,2044,0.4845420851113298
EST,SFH,2045,0.4850381738280544
EST,SFH,2046,0.4855373409397629
EST,SFH,2047,0.48603961518932687
EST,SFH,2048,0.486545025678564
EST,SFH,2049,0.48705360187385777
EST,SFH,2050,0.48756537361188496
FIN,SFH,2020,0.7046241865449308
FIN,SFH,2021,0.7047053399619214
FIN,SFH,2022,0.7047861792659946
FIN,SFH,2023,0.7048667062773386
FIN,SFH,2024,0.7049469228021059
FIN,SFH,2025,0.7050268306325477
FIN,SFH,2026,0.705105476554575
FIN,SFH,2027,0.7051838395205722
FIN,SFH,2028,0.7052619210548463
FIN,SFH,2029,0.7053397226707749
FIN,SFH,2030,0.7054172458709046
FIN,SFH,2031,0.7056301306537318
FIN,SFH,2032,0.7058429276539214
FIN,SFH,2033,0.7060556369257577
FIN,SFH,2034,0.7062682585234803
FIN,SFH,2035,0.7064807925012841
FIN,SFH,2036,0.7066932389133191
FIN,SFH,2037,0.7069055978136911
FIN,SFH,2038,0.7071178692564611
FIN,SFH,2039,0.7073300532956456
FIN,SFH,2040,0.7075421499852166
FIN,SFH,2041,0.7078839555784606
FIN,SFH,2042,0.7082264548659075
FIN,SFH,2043,0.7085696499614805
FIN,SFH,2044,0.7089135429877
FIN,SFH,2045,0.7092581360757286
FIN,SFH,2046,0.7096034313654145
FIN,SFH,2047,0.7099494310053353
FIN,SFH,2048,0.7102961371528437
FIN,SFH,2049,0.7106435519741113
FIN,SFH,2050,0.7109916776441747
FRA,SFH,2020,0.7604458613231019
FRA,SFH,2021,0.7601862968941464
FRA,SFH,2022,0.7599286834437076
FRA,SFH,2023,0.7596729990577699
FRA,SFH,2024,0.7594192221492876
FRA,SFH,2025,0.7591673314521087
FRA,SFH,2026,0.7588076321857263
FRA,SFH,2027,0.7584512159091563
FRA,SFH,2028,0.7580980378806069
FRA,SFH,2029,0.7577480541676197
FRA,SFH,2030,0.7574012216288519
FRA,SFH,2031,0.7570664868567268
FRA,SFH,2032,0.7567346189263147
FRA,SFH,2033,0.7564055811649846
FRA,SFH,2034,0.7560793375229378
FRA,SFH,2035,0.7557558525600417
FRA,SFH,2036,0.7554350914329961
FRA,SFH,2037,0.7551170198828214
FRA,SFH,2038,0.7548016042226615
FRA,SFH,2039,0.7544888113258903
FRA,SFH,2040,0.7541786086145138
FRA,SFH,2041,0.7539258758203234
FRA,SFH,2042,0.7536744279181891
FRA,SFH,2043,0.7534242551343797
FRA,SFH,2044,0.7531753477940412
FRA,SFH,2045,0.7529276963199484
FRA,SFH,2046,0.7526812912312771
FRA,SFH,2047,0.7524361231423946
FRA,SFH,2048,0.7521921827616667
FRA,SFH,2049,0.7519494608902852
FRA,SFH,2050,0.7517079484211113
GBR,SFH,2020,0.708169652619589
GBR,SFH,2021,0.7078059020620476
GBR,SFH,2022,0.7074478662333232
GBR,SFH,2023,0.7070954115105856
GBR,SFH,2024,0.7067484084046443
GBR,SFH,2025,0.706406731401332
GBR,SFH,2026,0.7060607837286449
GBR,SFH,2027,0.7057204831211897
GBR,SFH,2028,0.7053856924288299
GBR,SFH,2029,0.7050562789070444
GBR,SFH,2030,0.7047321140414387
GBR,SFH,2031,0.7043914331696965
GBR,SFH,2032,0.7040558427710224
GBR,SFH,2033,0.7037252295982792
GBR,SFH,2034,0.7033994837387967
GBR,SFH,2035,0.703078498492542
GBR,SFH,2036,0.7027621702555943
GBR,SFH,2037,0.7024503984086524
GBR,SFH,2038,0.702143085210329
GBR,SFH,2039,0.7018401356949865
GBR,SFH,2040,0.7015414575748985
GBR,SFH,2041,0.7012168623980596
GBR,SFH,2042,0.7008967812898643
GBR,SFH,2043,0.7005811207364169
GBR,SFH,2044,0.7002697897890984
GBR,SFH,2045,0.6999626999772023
GBR,SFH,2046,0.6996597652241162
GBR,SFH,2047,0.6993609017668838
GBR,SFH,2048,0.6990660280789869
GBR,SFH,2049,0.6987750647962011
GBR,SFH,2050,0.6984879346453804
GRC,SFH,2020,0.7719706644889361
GRC,SFH,2021,0.7717868667572675
GRC,SFH,2022,0.771603290055424
GRC,SFH,2023,0.7714199339849396
GRC,SFH,2024,0.7712367981483047
GRC,SFH,2025,0.7710538821489644
GRC,SFH,2026,0.7706701435407471
GRC,SFH,2027,0.7702884643121986
GRC,SFH,2028,0.7699088279298183
GRC,SFH,2029,0.7695312180366163
GRC,SFH,2030,0.7691556184497641
GRC,SFH,2031,0.768553358701692
GRC,SFH,2032,0.7679558051487665
GRC,SFH,2033,0.7673629028427522
GRC,SFH,2034,0.766774597687511
GRC,SFH,2035,0.7661908364225491
GRC,SFH,2036,0.7656115666069433
GRC,SFH,2037,0.7650367366036371
GRC,SFH,2038,0.7644662955640967
GRC,SFH,2039,0.7639001934133166
GRC,SFH,2040,0.7633383808351656
GRC,SFH,2041,0.7631114007304587
GRC,SFH,2042,0.7628842581719762
GRC,SFH,2043,0.7626569529852488
GRC,SFH,2044,0.7624294849955574
GRC,SFH,2045,0.7622018540279327
GRC,SFH,2046,0.7619740599071543
GRC,SFH,2047,0.7617461024577511
GRC,SFH,2048,0.7615179815039997
GRC,SFH,2049,0.7612896968699248
GRC,SFH,2050,0.7610612483792981
HRV,SFH,2020,0.8123257131316387
HRV,SFH,2021,0.8126677135025252
HRV,SFH,2022,0.8130131643767768
HRV,SFH,2023,0.8133621182382789
HRV,SFH,2024,0.8137146286407483
HRV,SFH,2025,0.8140707502351343
HRV,SFH,2026,0.8144305387978628
HRV,SFH,2027,0.8147940512599582
HRV,SFH,2028,0.8151613457370765
HRV,SFH,2029,0.8155324815604771
HRV,SFH,2030,0.8159075193089748
HRV,SFH,2031,0.8161940124490892
HRV,SFH,2032,0.8164827050793024
HRV,SFH,2033,0.8167736226263947
HRV,SFH,2034,0.8170667909105841
HRV,SFH,2035,0.8173622361531652
HRV,SFH,2036,0.8176599849843283
HRV,SFH,2037,0.8179600644511609
HRV,SFH,2038,0.8182625020258367
HRV,SFH,2039,0.8185673256140016
HRV,SFH,2040,0.8188745635633548
HRV,SFH,2041,0.8193316209562291
HRV,SFH,2042,0.8197935940896572
HRV,SFH,2043,0.8202605626970217
HRV,SFH,2044,0.8207326082454485
HRV,SFH,2045,0.8212098139831865
HRV,SFH,2046,0.8216922649885526
HRV,SFH,2047,0.8221800482204975
HRV,SFH,2048,0.8226732525708583
HRV,SFH,2049,0.8231719689183628
HRV,SFH,2050,0.823676290184454
HUN,SFH,2020,0.7561863956776133
HUN,SFH,2021,0.756384542478688
HUN,SFH,2022,0.7565836456434788
HUN,SFH,2023,0.7567837121126287
HUN,SFH,2024,0.7569847488941045
HUN,SFH,2025,0.7571867630640144
HUN,SFH,2026,0.7574002792965803
HUN,SFH,2027,0.75761454428752
HUN,SFH,2028,0.757829561982369
HUN,SFH,2029,0.7580453363544319
HUN,SFH,2030,0.7582618714050283
HUN,SFH,2031,0.7585879693159755
HUN,SFH,2032,0.7589158559140347
HUN,SFH,2033,0.759245545956431
HUN,SFH,2034,0.7595770543631734
HUN,SFH,2035,0.7599103962193046
HUN,SFH,2036,0.7602455867771897
HUN,SFH,2037,0.7605826414588422
HUN,SFH,2038,0.7609215758582893
HUN,SFH,2039,0.7612624057439772
HUN,SFH,2040,0.7616051470612165
HUN,SFH,2041,0.762083843262351
HUN,SFH,2042,0.7625652362366346
HUN,SFH,2043,0.7630493488371686
HUN,SFH,2044,0.7635362041760032
HUN,SFH,2045,0.7640258256278147
HUN,SFH,2046,0.7645182368336471
HUN,SFH,2047,0.7650134617047165
HUN,SFH,2048,0.7655115244262823
HUN,SFH,2049,0.7660124494615843
HUN,SFH,2050,0.7665162615558474
IRL,SFH,2020,0.9327297691131399
IRL,SFH,2021,0.9323854809458213
IRL,SFH,2022,0.932048221251969
IRL,SFH,2023,0.931717776981995
IRL,SFH,2024,0.9313939436108912
IRL,SFH,2025,0.9310765247160931
IRL,SFH,2026,0.930773223671094
IRL,SFH,2027,0.9304759531854818
IRL,SFH,2028,0.9301845351705772
IRL,SFH,2029,0.9298987984815391
IRL,SFH,2030,0.9296185785821989
IRL,SFH,2031,0.9293440070491927
IRL,SFH,2032,0.9290744190965905
IRL,SFH,2033,0.9288096802637572
IRL,SFH,2034,0.92854966088407
IRL,SFH,2035,0.9282942358731517
IRL,SFH,2036,0.9280432845282297
IRL,SFH,2037,0.9277966903379464
IRL,SFH,2038,0.9275543408019917
IRL,SFH,2039,0.9273161272599685
IRL,SFH,2040,0.9270819447289468
IRL,SFH,2041,0.9268713121261102
IRL,SFH,2042,0.9266638270173477
IRL,SFH,2043,0.9264594193761103
IRL,SFH,2044,0.9262580212378566
IRL,SFH,2045,0.9260595666247109
IRL,SFH,2046,0.9258639914733988
IRL,SFH,2047,0.9256712335662984
IRL,SFH,2048,0.9254812324654501
IRL,SFH,2049,0.9252939294493755
IRL,SFH,2050,0.9251092674525718
ITA,SFH,2020,0.2697549628690201
ITA,SFH,2021,0.26967896277484876
ITA,SFH,2022,0.26960282079578785
ITA,SFH,2023,0.2695265365341378
ITA,SFH,2024,0.26945010959071164
ITA,SFH,2025,0.2693735395648273
ITA,SFH,2026,0.2692061127724483
ITA,SFH,2027,0.26903873995976324
ITA,SFH,2028,0.2688714211006711
ITA,SFH,2029,0.2687041561690877
ITA,SFH,2030,0.2685369451389458
ITA,SFH,2031,0.2682702725003785
ITA,SFH,2032,0.26800378043493867
ITA,SFH,2033,0.2677374687592801
ITA,SFH,2034,0.26747133729030464
ITA,SFH,2035,0.26720538584516185
ITA,SFH,2036,0.2669396142412486
ITA,SFH,2037,0.26667402229620885
ITA,SFH,2038,0.2664086098279325
ITA,SFH,2039,0.2661433766545561
ITA,SFH,2040,0.2658783225944615
ITA,SFH,2041,0.2656220788394158
ITA,SFH,2042,0.26536542353101783
ITA,SFH,2043,0.26510835567697616
ITA,SFH,2044,0.26485087428180726
ITA,SFH,2045,0.26459297834682177
ITA,SFH,2046,0.2643346668701121
ITA,SFH,2047,0.2640759388465394
ITA,SFH,2048,0.26381679326772056
ITA,SFH,2049,0.26355722912201496
ITA,SFH,2050,0.26329724539451116
LTU,SFH,2020,0.6238623219660652
LTU,SFH,2021,0.6242850111161673
LTU,SFH,2022,0.6247157819296179
LTU,SFH,2023,0.6251548684212674
LTU,SFH,2024,0.6256025137289531
LTU,SFH,2025,0.6260589705624445
LTU,SFH,2026,0.6265245016791645
LTU,SFH,2027,0.626999380388567
LTU,SFH,2028,0.6274838910872051
LTU,SFH,2029,0.6279783298266922
LTU,SFH,2030,0.6284830049169368
LTU,SFH,2031,0.6284311426666617
LTU,SFH,2032,0.6283788782356451
LTU,SFH,2033,0.6283262069274376
LTU,SFH,2034,0.6282731239721806
LTU,SFH,2035,0.6282196245251664
LTU,SFH,2036,0.6281657036653643
LTU,SFH,2037,0.6281113563939111
LTU,SFH,2038,0.6280565776325673
LTU,SFH,2039,0.6280013622221343
LTU,SFH,2040,0.6279457049208352
LTU,SFH,2041,0.6276803040643232
LTU,SFH,2042,0.6274132491896394
LTU,SFH,2043,0.6271445247863161
LTU,SFH,2044,0.6268741151493455
LTU,SFH,2045,0.6266020043761212
LTU,SFH,2046,0.6263281763633199
LTU,SFH,2047,0.6260526148037249
LTU,SFH,2048,0.6257753031829889
LTU,SFH,2049,0.6254962247763345
LTU,SFH,2050,0.6252153626451925
LUX,SFH,2020,0.6932382673905473
LUX,SFH,2021,0.6916289575668495
LUX,SFH,2022,0.6900871170413652
LUX,SFH,2023,0.6886085900170871
LUX,SFH,2024,0.6871895551342688
LUX,SFH,2025,0.6858264924916663
LUX,SFH,2026,0.6844896529893987
LUX,SFH,2027,0.6832050940076198
LUX,SFH,2028,0.6819698075198373
LUX,SFH,2029,0.680781011917994
LUX,SFH,2030,0.6796361311024026
LUX,SFH,2031,0.6785462842571148
LUX,SFH,2032,0.6774940094975092
LUX,SFH,2033,0.6764773968203225
LUX,SFH,2034,0.6754946635268888
LUX,SFH,2035,0.6745441437906697
LUX,SFH,2036,0.673624279234157
LUX,SFH,2037,0.6727336104030184
LUX,SFH,2038,0.6718707690393722
LUX,SFH,2039,0.6710344710681483
LUX,SFH,2040,0.6702235102209204
LUX,SFH,2041,0.6695257798133818
LUX,SFH,2042,0.6688458842533928
LUX,SFH,2043,0.668183148349352
LUX,SFH,2044,0.6675369305667965
LUX,SFH,2045,0.6669066209570269
LUX,SFH,2046,0.6662916392368482
LUX,SFH,2047,0.6656914330067192
LUX,SFH,2048,0.6651054760958076
LUX,SFH,2049,0.6645332670235331
LUX,SFH,2050,0.6639743275681392
LVA,SFH,2020,0.3580295744603516
LVA,SFH,2021,0.3585673722156828
LVA,SFH,2022,0.35911312339052315
LVA,SFH,2023,0.3596670057323099
LVA,SFH,2024,0.36022920232476435
LVA,SFH,2025,0.3607999017896618
LVA,SFH,2026,0.36137929849782624
LVA,SFH,2027,0.36196759278984486
LVA,SFH,2028,0.3625649912070311
LVA,SFH,2029,0.3631717067331925
LVA,SFH,2030,0.3637879590478
LVA,SFH,2031,0.36411288933004743
LVA,SFH,2032,0.3644405334843255
LVA,SFH,2033,0.3647709256532859
LVA,SFH,2034,0.3651041005547146
LVA,SFH,2035,0.3654400934936922
LVA,SFH,2036,0.3657789403750666
LVA,SFH,2037,0.3661206777162422
LVA,SFH,2038,0.3664653426602998
LVA,SFH,2039,0.36681297298945414
LVA,SFH,2040,0.3671636071388607
LVA,SFH,2041,0.36742448187355964
LVA,SFH,2042,0.3676869875382265
LVA,SFH,2043,0.3679511394751285
LVA,SFH,2044,0.3682169532195726
LVA,SFH,2045,0.36848444450295137
LVA,SFH,2046,0.3687536292558455
LVA,SFH,2047,0.36902452361118765
LVA,SFH,2048,0.3692971439074848
LVA,SFH,2049,0.36957150669210337
LVA,SFH,2050,0.36984762872461735
MLT,SFH,2020,0.6868339757590749
MLT,SFH,2021,0.6856278917398269
MLT,SFH,2022,0.6844763294988695
MLT,SFH,2023,0.6833756737162454
MLT,SFH,2024,0.6823226218004859
MLT,SFH,2025,0.681314150790245
MLT,SFH,2026,0.6804982408647637
MLT,SFH,2027,0.6797128580192316
MLT,SFH,2028,0.6789563204700338
MLT,SFH,2029,0.6782270677419164
MLT,SFH,2030,0.6775236499241435
MLT,SFH,2031,0.6769945916145115
MLT,SFH,2032,0.676478904496156
MLT,SFH,2033,0.6759760879882368
MLT,SFH,2034,0.6754856661891103
MLT,SFH,2035,0.6750071863739568
MLT,SFH,2036,0.6745402176008376
MLT,SFH,2037,0.6740843494161605
MLT,SFH,2038,0.6736391906513814
MLT,SFH,2039,0.6732043683035255
MLT,SFH,2040,0.6727795264927949
MLT,SFH,2041,0.6725430308477326
MLT,SFH,2042,0.6723095724074684
MLT,SFH,2043,0.6720790930371655
MLT,SFH,2044,0.6718515360762515
MLT,SFH,2045,0.6716268462919802
MLT,SFH,2046,0.6714049698347367
MLT,SFH,2047,0.671185854195012
MLT,SFH,2048,0.6709694481619733
MLT,SFH,2049,0.6707557017835616
MLT,SFH,2050,0.6705445663280516
NLD,SFH,2020,0.6435043886233913
NLD,SFH,2021,0.6436420873299032
NLD,SFH,2022,0.6437777383382939
NLD,SFH,2023,0.6439113869879917
NLD,SFH,2024,0.6440430772897116
NLD,SFH,2025,0.6441728519737757
NLD,SFH,2026,0.6442917016528005
NLD,SFH,2027,0.6444088618464686
NLD,SFH,2028,0.644524368325379
NLD,SFH,2029,0.6446382558574039
NLD,SFH,2030,0.644750558242581
NLD,SFH,2031,0.6449420748424682
NLD,SFH,2032,0.6451309421996971
NLD,SFH,2033,0.6453172149070044
NLD,SFH,2034,0.6455009460673755
NLD,SFH,2035,0.6456821873445161
NLD,SFH,2036,0.6458609890112867
NLD,SFH,2037,0.6460373999961934
NLD,SFH,2038,0.6462114679280256
NLD,SFH,2039,0.6463832391787293
NLD,SFH,2040,0.6465527589045917
NLD,SFH,2041,0.6467909652691265
NLD,SFH,2042,0.6470265043695639
NLD,SFH,2043,0.6472594207556529
NLD,SFH,2044,0.647489757990517
NLD,SFH,2045,0.6477175586778181
NLD,SFH,2046,0.6479428644880261
NLD,SFH,2047,0.6481657161838298
NLD,SFH,2048,0.6483861536447239
NLD,SFH,2049,0.6486042158907993
NLD,SFH,2050,0.6488199411057701
POL,SFH,2020,0.6015973970524838
POL,SFH,2021,0.6004292544128199
POL,SFH,2022,0.5992779969755826
POL,SFH,2023,0.5981432612608669
POL,SFH,2024,0.5970246941470594
POL,SFH,2025,0.5959219525044651
POL,SFH,2026,0.5949510838566408
POL,SFH,2027,0.593991985888712
POL,SFH,2028,0.5930444458312814
POL,SFH,2029,0.5921082560123251
POL,SFH,2030,0.5911832137054553
POL,SFH,2031,0.5903871426528757
POL,SFH,2032,0.589596361934353
POL,SFH,2033,0.5888108189887267
POL,SFH,2034,0.5880304619488201
POL,SFH,2035,0.5872552396300249
POL,SFH,2036,0.5864851015191099
POL,SFH,2037,0.5857199977632488
POL,SFH,2038,0.5849598791592627
POL,SFH,2039,0.5842046971430732
POL,SFH,2040,0.5834544037793578
POL,SFH,2041,0.5827569519646775
POL,SFH,2042,0.5820614570194346
POL,SFH,2043,0.5813679107194617
POL,SFH,2044,0.5806763048866128
POL,SFH,2045,0.5799866313884408
POL,SFH,2046,0.5792988821378786
POL,SFH,2047,0.5786130490929242
POL,SFH,2048,0.577929124256326
POL,SFH,2049,0.5772470996752727
POL,SFH,2050,0.5765669674410847
PRT,SFH,2020,0.6409694354092311
PRT,SFH,2021,0.6410546790072916
PRT,SFH,2022,0.6411397183364479
PRT,SFH,2023,0.6412245541300549
PRT,SFH,2024,0.6413091871179606
PRT,SFH,2025,0.6413936180265278
PRT,SFH,2026,0.6415323974686836
PRT,SFH,2027,0.6416710928558429
PRT,SFH,2028,0.641809704264347
PRT,SFH,2029,0.6419482317704458
PRT,SFH,2030,0.6420866754502955
PRT,SFH,2031,0.64240158077862
PRT,SFH,2032,0.6427172078669858
PRT,SFH,2033,0.6430335591996407
PRT,SFH,2034,0.6433506372722465
PRT,SFH,2035,0.6436684445919442
PRT,SFH,2036,0.6439869836774207
PRT,SFH,2037,0.644306257058975
PRT,SFH,2038,0.644626267278585
PRT,SFH,2039,0.6449470168899755
PRT,SFH,2040,0.6452685084586859
PRT,SFH,2041,0.6458185874910856
PRT,SFH,2042,0.6463720352788457
PRT,SFH,2043,0.6469288828630583
PRT,SFH,2044,0.6474891616673575
PRT,SFH,2045,0.648052903503831
PRT,SFH,2046,0.6486201405790405
PRT,SFH,2047,0.6491909055001557
PRT,SFH,2048,0.649765231281202
PRT,SFH,2049,0.6503431513494266
PRT,SFH,2050,0.6509246995517831
ROU,SFH,2020,0.7514620805585192
ROU,SFH,2021,0.7515632033780034
ROU,SFH,2022,0.7516648758411355
ROU,SFH,2023,0.7517671024414325
ROU,SFH,2024,0.7518698877215269
ROU,SFH,2025,0.7519732362738389
ROU,SFH,2026,0.7520642514019473
ROU,SFH,2027,0.7521553545422872
ROU,SFH,2028,0.7522465458225833
ROU,SFH,2029,0.7523378253708072
ROU,SFH,2030,0.7524291933151782
ROU,SFH,2031,0.7524230241480168
ROU,SFH,2032,0.7524168870134987
ROU,SFH,2033,0.7524107816627821
ROU,SFH,2034,0.7524047078495951
ROU,SFH,2035,0.752398665330204
ROU,SFH,2036,0.7523926538633804
ROU,SFH,2037,0.7523866732103682
ROU,SFH,2038,0.7523807231348533
ROU,SFH,2039,0.7523748034029316
ROU,SFH,2040,0.7523689137830787
ROU,SFH,2041,0.752359946632104
ROU,SFH,2042,0.7523510490753955
ROU,SFH,2043,0.7523422203059005
ROU,SFH,2044,0.7523334595289976
ROU,SFH,2045,0.7523247659622572
ROU,SFH,2046,0.7523161388352092
ROU,SFH,2047,0.752307577389115
ROU,SFH,2048,0.7522990808767455
ROU,SFH,2049,0.7522906485621629
ROU,SFH,2050,0.7522822797205092
SVK,SFH,2020,0.6665267873794399
SVK,SFH,2021,0.6660716901663781
SVK,SFH,2022,0.6656193827775843
SVK,SFH,2023,0.6651698396382922
SVK,SFH,2024,0.6647230354853816
SVK,SFH,2025,0.6642789453626439
SVK,SFH,2026,0.6638429608168018
SVK,SFH,2027,0.6634093071688338
SVK,SFH,2028,0.6629779657761062
SVK,SFH,2029,0.6625489181942624
SVK,SFH,2030,0.662122146174595
SVK,SFH,2031,0.6619622660319052
SVK,SFH,2032,0.6618022130679626
SVK,SFH,2033,0.6616419870024008
SVK,SFH,2034,0.6614815875542471
SVK,SFH,2035,0.6613210144419195
SVK,SFH,2036,0.6611602673832266
SVK,SFH,2037,0.6609993460953655
SVK,SFH,2038,0.660838250294919
SVK,SFH,2039,0.6606769796978555
SVK,SFH,2040,0.6605155340195269
SVK,SFH,2041,0.660387644244448
SVK,SFH,2042,0.6602593350094345
SVK,SFH,2043,0.6601306042474451
SVK,SFH,2044,0.6600014498778344
SVK,SFH,2045,0.6598718698062412
SVK,SFH,2046,0.6597418619244751
SVK,SFH,2047,0.6596114241104024
SVK,SFH,2048,0.6594805542278303
SVK,SFH,2049,0.6593492501263903
SVK,SFH,2050,0.6592175096414212
SVN,SFH,2020,0.7940815921762073
SVN,SFH,2021,0.7936832666733605
SVN,SFH,2022,0.7932884820401189
SVN,SFH,2023,0.7928971912711655
SVN,SFH,2024,0.7925093481895169
SVN,SFH,2025,0.792124907428357
SVN,SFH,2026,0.7917572893821244
SVN,SFH,2027,0.791392245524714
SVN,SFH,2028,0.7910297489124183
SVN,SFH,2029,0.7906697729762445
SVN,SFH,2030,0.7903122915154228
SVN,SFH,2031,0.7899538126841342
SVN,SFH,2032,0.789597109828226
SVN,SFH,2033,0.7892421697825069
SVN,SFH,2034,0.7888889795115891
SVN,SFH,2035,0.7885375261082913
SVN,SFH,2036,0.7881877967920671
SVN,SFH,2037,0.7878397789074556
SVN,SFH,2038,0.787493459922555
SVN,SFH,2039,0.7871488274275181
SVN,SFH,2040,0.7868058691330697
SVN,SFH,2041,0.7864320503923719
SVN,SFH,2042,0.7860595775010847
SVN,SFH,2043,0.7856884432041309
SVN,SFH,2044,0.7853186402984863
SVN,SFH,2045,0.7849501616327137
SVN,SFH,2046,0.7845830001065024
SVN,SFH,2047,0.7842171486702116
SVN,SFH,2048,0.7838526003244192
SVN,SFH,2049,0.7834893481194757
SVN,SFH,2050,0.7831273851550621
SWE,SFH,2020,0.5321633110670468
SWE,SFH,2021,0.5327114799594134
SWE,SFH,2022,0.5332444289927165
SWE,SFH,2023,0.5337627833548025
SWE,SFH,2024,0.5342671344548146
SWE,SFH,2025,0.5347580421741033
SWE,SFH,2026,0.5352765359588082
SWE,SFH,2027,0.5357814051729539
SWE,SFH,2028,0.5362731798758723
SWE,SFH,2029,0.536752362983194
SWE,SFH,2030,0.5372194319823815
SWE,SFH,2031,0.537721156548911
SWE,SFH,2032,0.5382119475235819
SWE,SFH,2033,0.5386921584517416
SWE,SFH,2034,0.5391621277984331
SWE,SFH,2035,0.539622179743965
SWE,SFH,2036,0.5400726249296428
SWE,SFH,2037,0.5405137611572659
SWE,SFH,2038,0.5409458740457004
SWE,SFH,2039,0.5413692376475688
SWE,SFH,2040,0.5417841150288583
SWE,SFH,2041,0.54225579217962
SWE,SFH,2042,0.5427194422530065
SWE,SFH,2043,0.5431752684292749
SWE,SFH,2044,0.5436234670888943
SWE,SFH,2045,0.5440642280946438
SWE,SFH,2046,0.5444977350597827
SWE,SFH,2047,0.5449241656030882
SWE,SFH,2048,0.5453436915915044
SWE,SFH,2049,0.5457564793711005
SWE,SFH,2050,0.5461626899869874
AUT,MFH,2020,0.43401100456455044
AUT,MFH,2021,0.4339986686479069
AUT,MFH,2022,0.43398651730753135
AUT,MFH,2023,0.43397454643159905
AUT,MFH,2024,0.43396275202951795
AUT,MFH,2025,0.43395113022749277
AUT,MFH,2026,0.4339389141395129
AUT,MFH,2027,0.43392687758727166
AUT,MFH,2028,0.4339150166417761
AUT,MFH,2029,0.43390332748784677
AUT,MFH,2030,0.43389180642002567
AUT,MFH,2031,0.43388626552641785
AUT,MFH,2032,0.4338807902940166
AUT,MFH,2033,0.4338753795625401
AUT,MFH,2034,0.43387003219888376
AUT,MFH,2035,0.4338647470963294
AUT,MFH,2036,0.43385952317378107
AUT,MFH,2037,0.4338543593750286
AUT,MFH,2038,0.4338492546680347
AUT,MFH,2039,0.4338442080442486
AUT,MFH,2040,0.4338392185179403
AUT,MFH,2041,0.43383855456801534
AUT,MFH,2042,0.43383789643238024
AUT,MFH,2043,0.43383724403499335
AUT,MFH,2044,0.4338365973011331
AUT,MFH,2045,0.4338359561573698
AUT,MFH,2046,0.4338353205315375
AUT,MFH,2047,0.4338346903527075
AUT,MFH,2048,0.4338340655511612
AUT,MFH,2049,0.4338334460583647
AUT,MFH,2050,0.4338328318069443
BEL,MFH,2020,0.3076642404156331
BEL,MFH,2021,0.30785516401338986
BEL,MFH,2022,0.308043854464903
BEL,MFH,2023,0.3082303507225087
BEL,MFH,2024,0.3084146908378621
BEL,MFH,2025,0.3085969119878206
BEL,MFH,2026,0.3087922343081646
BEL,MFH,2027,0.30898506699578776
BEL,MFH,2028,0.3091754573495761
BEL,MFH,2029,0.30936345147782174
BEL,MFH,2030,0.30954909433545064
BEL,MFH,2031,0.30973488077634237
BEL,MFH,2032,0.30991820914018986
BEL,MFH,2033,0.31009912788936733
BEL,MFH,2034,0.31027768422061586
BEL,MFH,2035,0.3104539241060915
BEL,MFH,2036,0.3106278923328263
BEL,MFH,2037,0.3107996325406738
BEL,MFH,2038,0.31096918725880396
BEL,MFH,2039,0.3111365979408163
BEL,MFH,2040,0.31130190499852695
BEL,MFH,2041,0.3113987272165226
BEL,MFH,2042,0.31149451323834443
BEL,MFH,2043,0.3115892796095906
BEL,MFH,2044,0.31168304252546597
BEL,MFH,2045,0.31177581784000774
BEL,MFH,2046,0.31186762107502375
BEL,MFH,2047,0.31195846742874767
BEL,MFH,2048,0.31204837178422884
BEL,MFH,2049,0.3121373487174597
BEL,MFH,2050,0.3122254125052536
BGR,MFH,2020,0.35769946647301454
BGR,MFH,2021,0.35707939602156635
BGR,MFH,2022,0.35645160891721694
BGR,MFH,2023,0.35581596020972217
BGR,MFH,2024,0.3551723012956205
BGR,MFH,2025,0.3545204798024124
BGR,MFH,2026,0.35386033946830486
BGR,MFH,2027,0.3531917200173216
BGR,MFH,2028,0.35251445702957085
BGR,MFH,2029,0.3518283818064486
BGR,MFH,2030,0.3511333212305455
BGR,MFH,2031,0.3504819262427028
BGR,MFH,2032,0.3498243150944259
BGR,MFH,2033,0.34916039837934987
BGR,MFH,2034,0.34849008496828715
BGR,MFH,2035,0.34781328196752936
BGR,MFH,2036,0.347129894675932
BGR,MFH,2037,0.34643982654073946
BGR,MFH,2038,0.34574297911211016
BGR,MFH,2039,0.34503925199629293
BGR,MFH,2040,0.34432854280741076
BGR,MFH,2041,0.3435053503319718
BGR,MFH,2042,0.3426751272863455
BGR,MFH,2043,0.34183778321617164
BGR,MFH,2044,0.34099322610870897
BGR,MFH,2045,0.34014136235912895
BGR,MFH,2046,0.33928209673593235
BGR,MFH,2047,0.3384153323454585
BGR,MFH,2048,0.3375409705954632
BGR,MFH,2049,0.3366589111577336
BGR,MFH,2050,0.3357690519297114
CYP,MFH,2020,0.15540649805971452
CYP,MFH,2021,0.1568708917888424
CYP,MFH,2022,0.15830222017912388
CYP,MFH,2023,0.1597015906285708
CYP,MFH,2024,0.1610700616303653
CYP,MFH,2025,0.16240864544304334
CYP,MFH,2026,0.16365599652167673
CYP,MFH,2027,0.164877547976659
CYP,MFH,2028,0.16607409205569146
CYP,MFH,2029,0.16724638889764087
CYP,MFH,2030,0.1683951681428879
CYP,MFH,2031,0.1694309142110222
CYP,MFH,2032,0.17044889841769595
CYP,MFH,2033,0.1714495737720544
CYP,MFH,2034,0.17243337800801728
CYP,MFH,2035,0.17340073422273694
CYP,MFH,2036,0.17435205148329924
CYP,MFH,2037,0.17528772540349602
CYP,MFH,2038,0.17620813869237473
CYP,MFH,2039,0.1771136616761666
CYP,MFH,2040,0.1780046527950856
CYP,MFH,2041,0.1786315776267875
CYP,MFH,2042,0.17925210931031654
CYP,MFH,2043,0.17986634514202682
CYP,MFH,2044,0.18047438045391906
CYP,MFH,2045,0.18107630866296676
CYP,MFH,2046,0.18167222131896055
CYP,MFH,2047,0.18226220815092842
CYP,MFH,2048,0.18284635711217534
CYP,MFH,2049,0.1834247544239942
CYP,MFH,2050,0.1839974846180914
CZE,MFH,2020,0.4104453454646828
CZE,MFH,2021,0.4103344143449438
CZE,MFH,2022,0.4102240937986176
CZE,MFH,2023,0.4101143787985747
CZE,MFH,2024,0.4100052643727219
CZE,MFH,2025,0.4098967456032514
CZE,MFH,2026,0.4098085805131152
CZE,MFH,2027,0.4097208019375377
CZE,MFH,2028,0.40963340734036646
CZE,MFH,2029,0.40954639420758865
CZE,MFH,2030,0.4094597600470904
CZE,MFH,2031,0.40921815882346246
CZE,MFH,2032,0.40897678067325594
CZE,MFH,2033,0.4087356252876633
CZE,MFH,2034,0.4084946923584474
CZE,MFH,2035,0.40825398157793924
CZE,MFH,2036,0.40801349263903697
CZE,MFH,2037,0.4077732252352043
CZE,MFH,2038,0.4075331790604698
CZE,MFH,2039,0.4072933538094248
CZE,MFH,2040,0.40705374917722303
CZE,MFH,2041,0.4067262631323918
CZE,MFH,2042,0.40639907776930617
CZE,MFH,2043,0.4060721926740488
CZE,MFH,2044,0.40574560743346266
CZE,MFH,2045,0.40541932163514727
CZE,MFH,2046,0.4050933348674588
CZE,MFH,2047,0.4047676467195074
CZE,MFH,2048,0.4044422567811552
CZE,MFH,2049,0.40411716464301606
CZE,MFH,2050,0.40379236989645195
DEU,MFH,2020,0.3673624842660206
DEU,MFH,2021,0.3674471172099073
DEU,MFH,2022,0.3675314919052064
DEU,MFH,2023,0.36761560953214545
DEU,MFH,2024,0.36769947126377067
DEU,MFH,2025,0.3677830782660022
DEU,MFH,2026,0.36790652611076324
DEU,MFH,2027,0.36802960776375004
DEU,MFH,2028,0.36815232485193905
DEU,MFH,2029,0.36827467899268285
DEU,MFH,2030,0.3683966717937811
DEU,MFH,2031,0.36846212471536355
DEU,MFH,2032,0.36852755576422946
DEU,MFH,2033,0.368592964951341
DEU,MFH,2034,0.368658352287653
DEU,MFH,2035,0.36872371778411295
DEU,MFH,2036,0.3687890614516609
DEU,MFH,2037,0.3688543833012299
DEU,MFH,2038,0.3689196833437455
DEU,MFH,2039,0.36898496159012584
DEU,MFH,2040,0.36905021805128213
DEU,MFH,2041,0.36909133119281956
DEU,MFH,2042,0.3691324905319182
DEU,MFH,2043,0.3691736961464879
DEU,MFH,2044,0.36921494811461397
DEU,MFH,2045,0.369256246514557
DEU,MFH,2046,0.3692975914247547
DEU,MFH,2047,0.36933898292382106
DEU,MFH,2048,0.36938042109054714
DEU,MFH,2049,0.3694219060039021
DEU,MFH,2050,0.36946343774303336
DNK,MFH,2020,0.2945050707043584
DNK,MFH,2021,0.2946572501060625
DNK,MFH,2022,0.2948073455191952
DNK,MFH,2023,0.29495539946074634
DNK,MFH,2024,0.29510145329895754
DNK,MFH,2025,0.29524554729185826
DNK,MFH,2026,0.29540577455053285
DNK,MFH,2027,0.2955638445793355
DNK,MFH,2028,0.2957198006529522
DNK,MFH,2029,0.29587368489628685
DNK,MFH,2030,0.2960255383223944
DNK,MFH,2031,0.2961174823408521
DNK,MFH,2032,0.29620861659398967
DNK,MFH,2033,0.29629895173249987
DNK,MFH,2034,0.29638849822110946
DNK,MFH,2035,0.29647726634261895
DNK,MFH,2036,0.29656526620184
DNK,MFH,2037,0.2966525077294291
DNK,MFH,2038,0.2967390006856243
DNK,MFH,2039,0.29682475466388425
DNK,MFH,2040,0.29690977909443617
DNK,MFH,2041,0.29692326236452493
DNK,MFH,2042,0.2969366738492767
DNK,MFH,2043,0.2969500141204503
DNK,MFH,2044,0.29696328374374903
DNK,MFH,2045,0.2969764832788995
DNK,MFH,2046,0.29698961327973217
DNK,MFH,2047,0.29700267429425686
DNK,MFH,2048,0.29701566686474035
DNK,MFH,2049,0.2970285915277808
DNK,MFH,2050,0.29704144881438177
ESP,MFH,2020,0.48223295452721815
ESP,MFH,2021,0.48397427523117587
ESP,MFH,2022,0.4856906067867722
ESP,MFH,2023,0.4873824832789334
ESP,MFH,2024,0.4890504236804838
ESP,MFH,2025,0.4906949323828932
ESP,MFH,2026,0.49249139623986327
ESP,MFH,2027,0.49426067059706813
ESP,MFH,2028,0.49600336808845324
ESP,MFH,2029,0.49772008308000704
ESP,MFH,2030,0.49941139234563203
ESP,MFH,2031,0.5012778951544279
ESP,MFH,2032,0.5031165102063949
ESP,MFH,2033,0.5049278578809773
ESP,MFH,2034,0.5067125402921244
ESP,MFH,2035,0.5084711419556045
ESP,MFH,2036,0.510204230427276
ESP,MFH,2037,0.5119123569137789
ESP,MFH,2038,0.5135960568570271
ESP,MFH,2039,0.5152558504938052
ESP,MFH,2040,0.5168922433916932
ESP,MFH,2041,0.5185160213586154
ESP,MFH,2042,0.5201212545715965
ESP,MFH,2043,0.521708258919152
ESP,MFH,2044,0.5232773431559063
ESP,MFH,2045,0.5248288091028501
ESP,MFH,2046,0.5263629518408863
ESP,MFH,2047,0.5278800598979305
ESP,MFH,2048,0.5293804154298124
ESP,MFH,2049,0.5308642943952184
ESP,MFH,2050,0.5323319667249016
EST,MFH,2020,0.5203419356351621
EST,MFH,2021,0.5204715332894423
EST,MFH,2022,0.5206007113817739
EST,MFH,2023,0.5207294719463111
EST,MFH,2024,0.5208578170040798
EST,MFH,2025,0.5209857485630836
EST,MFH,2026,0.5208771568588161
EST,MFH,2027,0.5207684333121378
EST,MFH,2028,0.5206595776827959
EST,MFH,2029,0.5205505897299532
EST,MFH,2030,0.5204414692121868
EST,MFH,2031,0.520145402712435
EST,MFH,2032,0.5198478392081229
EST,MFH,2033,0.5195487673164902
EST,MFH,2034,0.5192481755390823
EST,MFH,2035,0.5189460522602758
EST,MFH,2036,0.5186423857457833
EST,MFH,2037,0.5183371641411336
EST,MFH,2038,0.5180303754701294
EST,MFH,2039,0.5177220076332807
EST,MFH,2040,0.5174120484062135
EST,MFH,2041,0.5169279928286306
EST,MFH,2042,0.51644097034693
EST,MFH,2043,0.5159509535998549
EST,MFH,2044,0.5154579148886702
EST,MFH,2045,0.5149618261719455
EST,MFH,2046,0.514462659060237
EST,MFH,2047,0.5139603848106731
EST,MFH,2048,0.513454974321436
EST,MFH,2049,0.5129463981261422
EST,MFH,2050,0.512434626388115
FIN,MFH,2020,0.29537581345506925
FIN,MFH,2021,0.2952946600380786
FIN,MFH,2022,0.29521382073400537
FIN,MFH,2023,0.2951332937226614
FIN,MFH,2024,0.2950530771978941
FIN,MFH,2025,0.2949731693674523
FIN,MFH,2026,0.294894523445425
FIN,MFH,2027,0.2948161604794278
FIN,MFH,2028,0.2947380789451537
FIN,MFH,2029,0.29466027732922506
FIN,MFH,2030,0.2945827541290954
FIN,MFH,2031,0.2943698693462682
FIN,MFH,2032,0.2941570723460786
FIN,MFH,2033,0.2939443630742423
FIN,MFH,2034,0.2937317414765197
FIN,MFH,2035,0.29351920749871585
FIN,MFH,2036,0.29330676108668086
FIN,MFH,2037,0.2930944021863089
FIN,MFH,2038,0.29288213074353886
FIN,MFH,2039,0.2926699467043544
FIN,MFH,2040,0.2924578500147834
FIN,MFH,2041,0.2921160444215394
FIN,MFH,2042,0.2917735451340925
FIN,MFH,2043,0.29143035003851947
FIN,MFH,2044,0.29108645701229996
FIN,MFH,2045,0.29074186392427137
FIN,MFH,2046,0.2903965686345855
FIN,MFH,2047,0.29005056899466475
FIN,MFH,2048,0.2897038628471563
FIN,MFH,2049,0.28935644802588867
FIN,MFH,2050,0.2890083223558253
FRA,MFH,2020,0.23955413867689812
FRA,MFH,2021,0.2398137031058536
FRA,MFH,2022,0.24007131655629244
FRA,MFH,2023,0.24032700094223014
FRA,MFH,2024,0.2405807778507124
FRA,MFH,2025,0.24083266854789132
FRA,MFH,2026,0.24119236781427367
FRA,MFH,2027,0.24154878409084368
FRA,MFH,2028,0.24190196211939308
FRA,MFH,2029,0.2422519458323803
FRA,MFH,2030,0.24259877837114807
FRA,MFH,2031,0.24293351314327316
FRA,MFH,2032,0.24326538107368534
FRA,MFH,2033,0.24359441883501542
FRA,MFH,2034,0.24392066247706223
FRA,MFH,2035,0.24424414743995826
FRA,MFH,2036,0.24456490856700386
FRA,MFH,2037,0.24488298011717857
FRA,MFH,2038,0.24519839577733848
FRA,MFH,2039,0.2455111886741097
FRA,MFH,2040,0.2458213913854862
FRA,MFH,2041,0.24607412417967656
FRA,MFH,2042,0.24632557208181094
FRA,MFH,2043,0.24657574486562028
FRA,MFH,2044,0.24682465220595884
FRA,MFH,2045,0.24707230368005162
FRA,MFH,2046,0.24731870876872286
FRA,MFH,2047,0.2475638768576054
FRA,MFH,2048,0.24780781723833334
FRA,MFH,2049,0.24805053910971475
FRA,MFH,2050,0.24829205157888867
GBR,MFH,2020,0.291830347380411
GBR,MFH,2021,0.29219409793795237
GBR,MFH,2022,0.29255213376667677
GBR,MFH,2023,0.29290458848941436
GBR,MFH,2024,0.29325159159535574
GBR,MFH,2025,0.29359326859866797
GBR,MFH,2026,0.2939392162713551
GBR,MFH,2027,0.29427951687881027
GBR,MFH,2028,0.29461430757117013
GBR,MFH,2029,0.29494372109295564
GBR,MFH,2030,0.29526788595856135
GBR,MFH,2031,0.29560856683030345
GBR,MFH,2032,0.2959441572289776
GBR,MFH,2033,0.2962747704017208
GBR,MFH,2034,0.2966005162612033
GBR,MFH,2035,0.296921501507458
GBR,MFH,2036,0.2972378297444057
GBR,MFH,2037,0.2975496015913476
GBR,MFH,2038,0.297856914789671
GBR,MFH,2039,0.2981598643050135
GBR,MFH,2040,0.2984585424251015
GBR,MFH,2041,0.2987831376019404
GBR,MFH,2042,0.2991032187101357
GBR,MFH,2043,0.2994188792635831
GBR,MFH,2044,0.2997302102109016
GBR,MFH,2045,0.3000373000227977
GBR,MFH,2046,0.3003402347758838
GBR,MFH,2047,0.3006390982331162
GBR,MFH,2048,0.3009339719210131
GBR,MFH,2049,0.3012249352037989
GBR,MFH,2050,0.3015120653546196
GRC,MFH,2020,0.22802933551106386
GRC,MFH,2021,0.2282131332427325
GRC,MFH,2022,0.22839670994457595
GRC,MFH,2023,0.22858006601506042
GRC,MFH,2024,0.2287632018516953
GRC,MFH,2025,0.22894611785103558
GRC,MFH,2026,0.22932985645925286
GRC,MFH,2027,0.22971153568780145
GRC,MFH,2028,0.2300911720701817
GRC,MFH,2029,0.23046878196338372
GRC,MFH,2030,0.2308443815502359
GRC,MFH,2031,0.23144664129830805
GRC,MFH,2032,0.2320441948512335
GRC,MFH,2033,0.23263709715724779
GRC,MFH,2034,0.233225402312489
GRC,MFH,2035,0.23380916357745085
GRC,MFH,2036,0.2343884333930567
GRC,MFH,2037,0.23496326339636286
GRC,MFH,2038,0.23553370443590327
GRC,MFH,2039,0.2360998065866834
GRC,MFH,2040,0.2366616191648344
GRC,MFH,2041,0.2368885992695413
GRC,MFH,2042,0.23711574182802375
GRC,MFH,2043,0.23734304701475117
GRC,MFH,2044,0.2375705150044426
GRC,MFH,2045,0.23779814597206728
GRC,MFH,2046,0.23802594009284572
GRC,MFH,2047,0.2382538975422489
GRC,MFH,2048,0.23848201849600026
GRC,MFH,2049,0.23871030313007524
GRC,MFH,2050,0.23893875162070188
HRV,MFH,2020,0.1876742868683613
HRV,MFH,2021,0.1873322864974748
HRV,MFH,2022,0.18698683562322316
HRV,MFH,2023,0.18663788176172114
HRV,MFH,2024,0.18628537135925172
HRV,MFH,2025,0.1859292497648657
HRV,MFH,2026,0.18556946120213724
HRV,MFH,2027,0.18520594874004181
HRV,MFH,2028,0.18483865426292345
HRV,MFH,2029,0.18446751843952292
HRV,MFH,2030,0.18409248069102524
HRV,MFH,2031,0.18380598755091082
HRV,MFH,2032,0.18351729492069757
HRV,MFH,2033,0.18322637737360525
HRV,MFH,2034,0.1829332090894159
HRV,MFH,2035,0.18263776384683483
HRV,MFH,2036,0.18234001501567165
HRV,MFH,2037,0.18203993554883913
HRV,MFH,2038,0.18173749797416328
HRV,MFH,2039,0.18143267438599842
HRV,MFH,2040,0.18112543643664525
HRV,MFH,2041,0.18066837904377087
HRV,MFH,2042,0.18020640591034276
HRV,MFH,2043,0.17973943730297826
HRV,MFH,2044,0.17926739175455153
HRV,MFH,2045,0.1787901860168135
HRV,MFH,2046,0.17830773501144737
HRV,MFH,2047,0.1778199517795025
HRV,MFH,2048,0.17732674742914167
HRV,MFH,2049,0.17682803108163725
HRV,MFH,2050,0.17632370981554601
HUN,MFH,2020,0.24381360432238675
HUN,MFH,2021,0.24361545752131197
HUN,MFH,2022,0.2434163543565212
HUN,MFH,2023,0.24321628788737126
HUN,MFH,2024,0.2430152511058955
HUN,MFH,2025,0.24281323693598555
HUN,MFH,2026,0.24259972070341973
HUN,MFH,2027,0.24238545571248005
HUN,MFH,2028,0.24217043801763105
HUN,MFH,2029,0.24195466364556806
HUN,MFH,2030,0.24173812859497168
HUN,MFH,2031,0.2414120306840245
HUN,MFH,2032,0.24108414408596535
HUN,MFH,2033,0.240754454043569
HUN,MFH,2034,0.24042294563682665
HUN,MFH,2035,0.24008960378069544
HUN,MFH,2036,0.23975441322281033
HUN,MFH,2037,0.23941735854115775
HUN,MFH,2038,0.23907842414171065
HUN,MFH,2039,0.2387375942560228
HUN,MFH,2040,0.23839485293878349
HUN,MFH,2041,0.237916156737649
HUN,MFH,2042,0.23743476376336536
HUN,MFH,2043,0.23695065116283143
HUN,MFH,2044,0.2364637958239968
HUN,MFH,2045,0.23597417437218526
HUN,MFH,2046,0.23548176316635294
HUN,MFH,2047,0.2349865382952835
HUN,MFH,2048,0.23448847557371766
HUN,MFH,2049,0.2339875505384157
HUN,MFH,2050,0.2334837384441526
IRL,MFH,2020,0.06727023088686013
IRL,MFH,2021,0.0676145190541787
IRL,MFH,2022,0.06795177874803104
IRL,MFH,2023,0.06828222301800502
IRL,MFH,2024,0.06860605638910877
IRL,MFH,2025,0.06892347528390685
IRL,MFH,2026,0.06922677632890595
IRL,MFH,2027,0.06952404681451818
IRL,MFH,2028,0.0698154648294228
IRL,MFH,2029,0.07010120151846089
IRL,MFH,2030,0.07038142141780113
IRL,MFH,2031,0.07065599295080727
IRL,MFH,2032,0.0709255809034095
IRL,MFH,2033,0.07119031973624279
IRL,MFH,2034,0.07145033911593002
IRL,MFH,2035,0.07170576412684826
IRL,MFH,2036,0.0719567154717703
IRL,MFH,2037,0.07220330966205357
IRL,MFH,2038,0.07244565919800827
IRL,MFH,2039,0.07268387274003152
IRL,MFH,2040,0.07291805527105322
IRL,MFH,2041,0.07312868787388982
IRL,MFH,2042,0.07333617298265227
IRL,MFH,2043,0.07354058062388968
IRL,MFH,2044,0.07374197876214339
IRL,MFH,2045,0.0739404333752891
IRL,MFH,2046,0.07413600852660118
IRL,MFH,2047,0.07432876643370157
IRL,MFH,2048,0.07451876753454989
IRL,MFH,2049,0.0747060705506245
IRL,MFH,2050,0.07489073254742817
ITA,MFH,2020,0.7302450371309799
ITA,MFH,2021,0.7303210372251512
ITA,MFH,2022,0.7303971792042121
ITA,MFH,2023,0.7304734634658623
ITA,MFH,2024,0.7305498904092884
ITA,MFH,2025,0.7306264604351727
ITA,MFH,2026,0.7307938872275517
ITA,MFH,2027,0.7309612600402368
ITA,MFH,2028,0.7311285788993289
ITA,MFH,2029,0.7312958438309123
ITA,MFH,2030,0.7314630548610541
ITA,MFH,2031,0.7317297274996215
ITA,MFH,2032,0.7319962195650613
ITA,MFH,2033,0.7322625312407198
ITA,MFH,2034,0.7325286627096954
ITA,MFH,2035,0.7327946141548382
ITA,MFH,2036,0.7330603857587514
ITA,MFH,2037,0.7333259777037912
ITA,MFH,2038,0.7335913901720674
ITA,MFH,2039,0.7338566233454439
ITA,MFH,2040,0.7341216774055386
ITA,MFH,2041,0.7343779211605842
ITA,MFH,2042,0.7346345764689821
ITA,MFH,2043,0.7348916443230238
ITA,MFH,2044,0.7351491257181928
ITA,MFH,2045,0.7354070216531783
ITA,MFH,2046,0.7356653331298879
ITA,MFH,2047,0.7359240611534605
ITA,MFH,2048,0.7361832067322794
ITA,MFH,2049,0.736442770877985
ITA,MFH,2050,0.7367027546054888
LTU,MFH,2020,0.37613767803393483
LTU,MFH,2021,0.3757149888838327
LTU,MFH,2022,0.37528421807038215
LTU,MFH,2023,0.37484513157873256
LTU,MFH,2024,0.37439748627104685
LTU,MFH,2025,0.37394102943755547
LTU,MFH,2026,0.3734754983208355
LTU,MFH,2027,0.37300061961143305
LTU,MFH,2028,0.37251610891279485
LTU,MFH,2029,0.3720216701733078
LTU,MFH,2030,0.37151699508306324
LTU,MFH,2031,0.37156885733333833
LTU,MFH,2032,0.3716211217643549
LTU,MFH,2033,0.37167379307256243
LTU,MFH,2034,0.3717268760278194
LTU,MFH,2035,0.37178037547483356
LTU,MFH,2036,0.3718342963346357
LTU,MFH,2037,0.37188864360608886
LTU,MFH,2038,0.3719434223674327
LTU,MFH,2039,0.3719986377778657
LTU,MFH,2040,0.37205429507916477
LTU,MFH,2041,0.3723196959356768
LTU,MFH,2042,0.37258675081036063
LTU,MFH,2043,0.3728554752136839
LTU,MFH,2044,0.37312588485065445
LTU,MFH,2045,0.37339799562387876
LTU,MFH,2046,0.37367182363668006
LTU,MFH,2047,0.37394738519627513
LTU,MFH,2048,0.3742246968170111
LTU,MFH,2049,0.3745037752236655
LTU,MFH,2050,0.3747846373548075
LUX,MFH,2020,0.3067617326094527
LUX,MFH,2021,0.3083710424331505
LUX,MFH,2022,0.30991288295863484
LUX,MFH,2023,0.3113914099829129
LUX,MFH,2024,0.3128104448657312
LUX,MFH,2025,0.3141735075083337
LUX,MFH,2026,0.3155103470106013
LUX,MFH,2027,0.31679490599238025
LUX,MFH,2028,0.31803019248016273
LUX,MFH,2029,0.319218988082006
LUX,MFH,2030,0.3203638688975974
LUX,MFH,2031,0.32145371574288517
LUX,MFH,2032,0.32250599050249085
LUX,MFH,2033,0.3235226031796775
LUX,MFH,2034,0.3245053364731112
LUX,MFH,2035,0.32545585620933026
LUX,MFH,2036,0.326375720765843
LUX,MFH,2037,0.3272663895969816
LUX,MFH,2038,0.32812923096062785
LUX,MFH,2039,0.3289655289318517
LUX,MFH,2040,0.3297764897790796
LUX,MFH,2041,0.3304742201866182
LUX,MFH,2042,0.33115411574660725
LUX,MFH,2043,0.331816851650648
LUX,MFH,2044,0.3324630694332035
LUX,MFH,2045,0.3330933790429731
LUX,MFH,2046,0.3337083607631518
LUX,MFH,2047,0.3343085669932808
LUX,MFH,2048,0.3348945239041924
LUX,MFH,2049,0.3354667329764669
LUX,MFH,2050,0.33602567243186077
LVA,MFH,2020,0.6419704255396483
LVA,MFH,2021,0.6414326277843172
LVA,MFH,2022,0.6408868766094769
LVA,MFH,2023,0.6403329942676901
LVA,MFH,2024,0.6397707976752356
LVA,MFH,2025,0.6392000982103382
LVA,MFH,2026,0.6386207015021738
LVA,MFH,2027,0.6380324072101551
LVA,MFH,2028,0.6374350087929689
LVA,MFH,2029,0.6368282932668075
LVA,MFH,2030,0.6362120409522001
LVA,MFH,2031,0.6358871106699526
LVA,MFH,2032,0.6355594665156745
LVA,MFH,2033,0.6352290743467142
LVA,MFH,2034,0.6348958994452853
LVA,MFH,2035,0.6345599065063078
LVA,MFH,2036,0.6342210596249334
LVA,MFH,2037,0.6338793222837578
LVA,MFH,2038,0.6335346573397003
LVA,MFH,2039,0.6331870270105459
LVA,MFH,2040,0.6328363928611394
LVA,MFH,2041,0.6325755181264403
LVA,MFH,2042,0.6323130124617735
LVA,MFH,2043,0.6320488605248715
LVA,MFH,2044,0.6317830467804274
LVA,MFH,2045,0.6315155554970486
LVA,MFH,2046,0.6312463707441545
LVA,MFH,2047,0.6309754763888124
LVA,MFH,2048,0.6307028560925152
LVA,MFH,2049,0.6304284933078966
LVA,MFH,2050,0.6301523712753827
MLT,MFH,2020,0.3131660242409251
MLT,MFH,2021,0.31437210826017314
MLT,MFH,2022,0.3155236705011305
MLT,MFH,2023,0.3166243262837546
MLT,MFH,2024,0.31767737819951414
MLT,MFH,2025,0.31868584920975496
MLT,MFH,2026,0.31950175913523626
MLT,MFH,2027,0.32028714198076835
MLT,MFH,2028,0.32104367952996615
MLT,MFH,2029,0.32177293225808357
MLT,MFH,2030,0.3224763500758565
MLT,MFH,2031,0.3230054083854885
MLT,MFH,2032,0.323521095503844
MLT,MFH,2033,0.32402391201176317
MLT,MFH,2034,0.3245143338108897
MLT,MFH,2035,0.32499281362604315
MLT,MFH,2036,0.3254597823991624
MLT,MFH,2037,0.32591565058383953
MLT,MFH,2038,0.32636080934861855
MLT,MFH,2039,0.3267956316964745
MLT,MFH,2040,0.32722047350720507
MLT,MFH,2041,0.3274569691522674
MLT,MFH,2042,0.32769042759253164
MLT,MFH,2043,0.3279209069628345
MLT,MFH,2044,0.3281484639237485
MLT,MFH,2045,0.3283731537080198
MLT,MFH,2046,0.32859503016526326
MLT,MFH,2047,0.328814145804988
MLT,MFH,2048,0.32903055183802665
MLT,MFH,2049,0.3292442982164384
MLT,MFH,2050,0.3294554336719484
NLD,MFH,2020,0.3564956113766087
NLD,MFH,2021,0.35635791267009675
NLD,MFH,2022,0.3562222616617061
NLD,MFH,2023,0.35608861301200834
NLD,MFH,2024,0.35595692271028845
NLD,MFH,2025,0.3558271480262243
NLD,MFH,2026,0.3557082983471995
NLD,MFH,2027,0.3555911381535314
NLD,MFH,2028,0.35547563167462104
NLD,MFH,2029,0.35536174414259614
NLD,MFH,2030,0.355249441757419
NLD,MFH,2031,0.35505792515753176
NLD,MFH,2032,0.35486905780030287
NLD,MFH,2033,0.35468278509299556
NLD,MFH,2034,0.3544990539326245
NLD,MFH,2035,0.3543178126554839
NLD,MFH,2036,0.35413901098871325
NLD,MFH,2037,0.35396260000380664
NLD,MFH,2038,0.35378853207197436
NLD,MFH,2039,0.3536167608212707
NLD,MFH,2040,0.35344724109540826
NLD,MFH,2041,0.3532090347308735
NLD,MFH,2042,0.3529734956304361
NLD,MFH,2043,0.3527405792443471
NLD,MFH,2044,0.352510242009483
NLD,MFH,2045,0.3522824413221819
NLD,MFH,2046,0.35205713551197393
NLD,MFH,2047,0.3518342838161702
NLD,MFH,2048,0.35161384635527615
NLD,MFH,2049,0.3513957841092007
NLD,MFH,2050,0.3511800588942299
POL,MFH,2020,0.39840260294751617
POL,MFH,2021,0.3995707455871801
POL,MFH,2022,0.4007220030244174
POL,MFH,2023,0.4018567387391331
POL,MFH,2024,0.4029753058529406
POL,MFH,2025,0.4040780474955349
POL,MFH,2026,0.40504891614335925
POL,MFH,2027,0.40600801411128795
POL,MFH,2028,0.40695555416871865
POL,MFH,2029,0.4078917439876749
POL,MFH,2030,0.40881678629454465
POL,MFH,2031,0.40961285734712427
POL,MFH,2032,0.41040363806564695
POL,MFH,2033,0.41118918101127333
POL,MFH,2034,0.41196953805117986
POL,MFH,2035,0.4127447603699751
POL,MFH,2036,0.41351489848089007
POL,MFH,2037,0.4142800022367512
POL,MFH,2038,0.41504012084073727
POL,MFH,2039,0.4157953028569268
POL,MFH,2040,0.41654559622064224
POL,MFH,2041,0.41724304803532253
POL,MFH,2042,0.41793854298056543
POL,MFH,2043,0.4186320892805383
POL,MFH,2044,0.4193236951133872
POL,MFH,2045,0.42001336861155925
POL,MFH,2046,0.4207011178621214
POL,MFH,2047,0.4213869509070758
POL,MFH,2048,0.42207087574367397
POL,MFH,2049,0.42275290032472734
POL,MFH,2050,0.4234330325589153
PRT,MFH,2020,0.3590305645907689
PRT,MFH,2021,0.35894532099270837
PRT,MFH,2022,0.3588602816635521
PRT,MFH,2023,0.35877544586994514
PRT,MFH,2024,0.3586908128820394
PRT,MFH,2025,0.35860638197347217
PRT,MFH,2026,0.3584676025313164
PRT,MFH,2027,0.3583289071441571
PRT,MFH,2028,0.358190295735653
PRT,MFH,2029,0.3580517682295542
PRT,MFH,2030,0.3579133245497045
PRT,MFH,2031,0.35759841922138
PRT,MFH,2032,0.35728279213301417
PRT,MFH,2033,0.35696644080035933
PRT,MFH,2034,0.3566493627277535
PRT,MFH,2035,0.35633155540805583
PRT,MFH,2036,0.3560130163225793
PRT,MFH,2037,0.35569374294102496
PRT,MFH,2038,0.35537373272141504
PRT,MFH,2039,0.35505298311002453
PRT,MFH,2040,0.3547314915413141
PRT,MFH,2041,0.35418141250891444
PRT,MFH,2042,0.3536279647211543
PRT,MFH,2043,0.3530711171369417
PRT,MFH,2044,0.3525108383326425
PRT,MFH,2045,0.35194709649616895
PRT,MFH,2046,0.3513798594209595
PRT,MFH,2047,0.3508090944998443
PRT,MFH,2048,0.350234768718798
PRT,MFH,2049,0.34965684865057345
PRT,MFH,2050,0.3490753004482169
ROU,MFH,2020,0.24853791944148085
ROU,MFH,2021,0.24843679662199658
ROU,MFH,2022,0.2483351241588645
ROU,MFH,2023,0.24823289755856748
ROU,MFH,2024,0.24813011227847315
ROU,MFH,2025,0.24802676372616106
ROU,MFH,2026,0.24793574859805267
ROU,MFH,2027,0.2478446454577128
ROU,MFH,2028,0.24775345417741668
ROU,MFH,2029,0.24766217462919282
ROU,MFH,2030,0.2475708066848218
ROU,MFH,2031,0.24757697585198324
ROU,MFH,2032,0.24758311298650126
ROU,MFH,2033,0.24758921833721792
ROU,MFH,2034,0.24759529215040488
ROU,MFH,2035,0.24760133466979595
ROU,MFH,2036,0.2476073461366196
ROU,MFH,2037,0.24761332678963177
ROU,MFH,2038,0.24761927686514673
ROU,MFH,2039,0.2476251965970684
ROU,MFH,2040,0.24763108621692131
ROU,MFH,2041,0.24764005336789596
ROU,MFH,2042,0.24764895092460448
ROU,MFH,2043,0.24765777969409952
ROU,MFH,2044,0.24766654047100245
ROU,MFH,2045,0.24767523403774283
ROU,MFH,2046,0.2476838611647908
ROU,MFH,2047,0.24769242261088498
ROU,MFH,2048,0.24770091912325454
ROU,MFH,2049,0.24770935143783712
ROU,MFH,2050,0.2477177202794908
SVK,MFH,2020,0.33347321262056007
SVK,MFH,2021,0.3339283098336219
SVK,MFH,2022,0.33438061722241574
SVK,MFH,2023,0.33483016036170776
SVK,MFH,2024,0.3352769645146184
SVK,MFH,2025,0.33572105463735613
SVK,MFH,2026,0.33615703918319817
SVK,MFH,2027,0.33659069283116616
SVK,MFH,2028,0.33702203422389376
SVK,MFH,2029,0.3374510818057376
SVK,MFH,2030,0.33787785382540503
SVK,MFH,2031,0.3380377339680948
SVK,MFH,2032,0.3381977869320374
SVK,MFH,2033,0.33835801299759916
SVK,MFH,2034,0.33851841244575287
SVK,MFH,2035,0.3386789855580805
SVK,MFH,2036,0.33883973261677336
SVK,MFH,2037,0.3390006539046345
SVK,MFH,2038,0.33916174970508095
SVK,MFH,2039,0.33932302030214445
SVK,MFH,2040,0.3394844659804731
SVK,MFH,2041,0.33961235575555204
SVK,MFH,2042,0.33974066499056554
SVK,MFH,2043,0.3398693957525549
SVK,MFH,2044,0.3399985501221656
SVK,MFH,2045,0.34012813019375876
SVK,MFH,2046,0.34025813807552485
SVK,MFH,2047,0.3403885758895976
SVK,MFH,2048,0.34051944577216975
SVK,MFH,2049,0.34065074987360966
SVK,MFH,2050,0.34078249035857877
SVN,MFH,2020,0.20591840782379267
SVN,MFH,2021,0.20631673332663947
SVN,MFH,2022,0.20671151795988107
SVN,MFH,2023,0.20710280872883446
SVN,MFH,2024,0.2074906518104831
SVN,MFH,2025,0.20787509257164305
SVN,MFH,2026,0.20824271061787558
SVN,MFH,2027,0.208607754475286
SVN,MFH,2028,0.20897025108758172
SVN,MFH,2029,0.20933022702375548
SVN,MFH,2030,0.20968770848457718
SVN,MFH,2031,0.21004618731586577
SVN,MFH,2032,0.21040289017177405
SVN,MFH,2033,0.21075783021749306
SVN,MFH,2034,0.2111110204884109
SVN,MFH,2035,0.2114624738917087
SVN,MFH,2036,0.21181220320793293
SVN,MFH,2037,0.2121602210925444
SVN,MFH,2038,0.21250654007744496
SVN,MFH,2039,0.21285117257248187
SVN,MFH,2040,0.2131941308669303
SVN,MFH,2041,0.21356794960762815
SVN,MFH,2042,0.21394042249891532
SVN,MFH,2043,0.2143115567958691
SVN,MFH,2044,0.2146813597015137
SVN,MFH,2045,0.2150498383672863
SVN,MFH,2046,0.2154169998934976
SVN,MFH,2047,0.21578285132978836
SVN,MFH,2048,0.21614739967558083
SVN,MFH,2049,0.21651065188052432
SVN,MFH,2050,0.21687261484493792
SWE,MFH,2020,0.46783668893295316
SWE,MFH,2021,0.46728852004058663
SWE,MFH,2022,0.4667555710072835
SWE,MFH,2023,0.46623721664519746
SWE,MFH,2024,0.46573286554518545
SWE,MFH,2025,0.4652419578258967
SWE,MFH,2026,0.4647234640411918
SWE,MFH,2027,0.4642185948270461
SWE,MFH,2028,0.4637268201241277
SWE,MFH,2029,0.46324763701680605
SWE,MFH,2030,0.46278056801761847
SWE,MFH,2031,0.46227884345108905
SWE,MFH,2032,0.4617880524764181
SWE,MFH,2033,0.46130784154825843
SWE,MFH,2034,0.4608378722015669
SWE,MFH,2035,0.460377820256035
SWE,MFH,2036,0.4599273750703572
SWE,MFH,2037,0.4594862388427341
SWE,MFH,2038,0.4590541259542996
SWE,MFH,2039,0.45863076235243116
SWE,MFH,2040,0.45821588497114174
SWE,MFH,2041,0.45774420782037994
SWE,MFH,2042,0.4572805577469935
SWE,MFH,2043,0.4568247315707251
SWE,MFH,2044,0.4563765329111057
SWE,MFH,2045,0.45593577190535617
SWE,MFH,2046,0.4555022649402173
SWE,MFH,2047,0.4550758343969118
SWE,MFH,2048,0.4546563084084956
SWE,MFH,2049,0.4542435206288995
SWE,MFH,2050,0.45383731001301264
