Region,Time,value
AUT,2020,57.34643183052013
AUT,2021,57.62052266645702
AUT,2022,57.8930860901568
AUT,2023,58.16413483374385
AUT,2024,58.4336814882256
AUT,2025,58.70173850544218
AUT,2026,58.98275958824956
AUT,2027,59.26229469359865
AUT,2028,59.54035557669125
AUT,2029,59.81695386906521
AUT,2030,60.0921010802163
AUT,2031,60.342008012766115
AUT,2032,60.59100369036317
AUT,2033,60.83909308810595
AUT,2034,61.08628114494252
AUT,2035,61.3325727639984
AUT,2036,61.61001459197056
AUT,2037,61.88674121799437
AUT,2038,62.1627554040292
AUT,2039,62.43805989783129
AUT,2040,62.712657433044775
AUT,2041,62.93484635324537
AUT,2042,63.15664880993652
AUT,2043,63.378065810533045
AUT,2044,63.59909835895131
AUT,2045,63.819747455624466
AUT,2046,64.07772699208601
AUT,2047,64.33556299102673
AUT,2048,64.59325557220777
AUT,2049,64.85080485525714
AUT,2050,65.10821095966985
BEL,2020,41.554899210142736
BEL,2021,41.68931173898431
BEL,2022,41.82300918468241
BEL,2023,41.95599723852928
BEL,2024,42.08828153158152
BEL,2025,42.21986763545492
BEL,2026,42.42199709711917
BEL,2027,42.623457737167996
BEL,2028,42.82425286969159
BEL,2029,43.024385786920604
BEL,2030,43.22385975940615
BEL,2031,43.45610368800215
BEL,2032,43.687734320884964
BEL,2033,43.91875408418249
BEL,2034,44.14916539124287
BEL,2035,44.37897064271846
BEL,2036,44.62230586568175
BEL,2037,44.86515635694536
BEL,2038,45.10752356347012
BEL,2039,45.34940892646352
BEL,2040,45.590813881408316
BEL,2041,45.812420092179984
BEL,2042,46.0337847962029
BEL,2043,46.254908388053636
BEL,2044,46.475791261449686
BEL,2045,46.696433809251765
BEL,2046,46.942624984063826
BEL,2047,47.188818941305975
BEL,2048,47.43501568102541
BEL,2049,47.6812152032693
BEL,2050,47.92741750808483
BGR,2020,20.277143899808202
BGR,2021,20.30395639262493
BGR,2022,20.331174895934492
BGR,2023,20.358808702166133
BGR,2024,20.386867389498924
BGR,2025,20.415360832930627
BGR,2026,20.432560864486867
BGR,2027,20.450011388614765
BGR,2028,20.467717917523785
BGR,2029,20.485686126350217
BGR,2030,20.503921859221656
BGR,2031,20.55118214919795
BGR,2032,20.5991149448212
BGR,2033,20.64773470341028
BGR,2034,20.69705629967367
BGR,2035,20.747095040881746
BGR,2036,20.785139534714858
BGR,2037,20.82369779598842
BGR,2038,20.862780302620266
BGR,2039,20.902397819397894
BGR,2040,20.942561407863657
BGR,2041,20.985234684933594
BGR,2042,21.028448920036272
BGR,2043,21.072214465162823
BGR,2044,21.11654193813324
BGR,2045,21.16144223118424
BGR,2046,21.19602244456246
BGR,2047,21.23101912651695
BGR,2048,21.266439846268916
BGR,2049,21.302292357582704
BGR,2050,21.338584604424454
CYP,2020,43.88478149375333
CYP,2021,43.98555383004591
CYP,2022,44.084499028059135
CYP,2023,44.181666334061845
CYP,2024,44.277103240322845
CYP,2025,44.37085556251173
CYP,2026,44.50802697088543
CYP,2027,44.64318567864926
CYP,2028,44.776375661372626
CYP,2029,44.90763962278929
CYP,2030,45.03701904044643
CYP,2031,45.16760218685194
CYP,2032,45.29668596474267
CYP,2033,45.4242960505538
CYP,2034,45.55045753777526
CYP,2035,45.67519495340197
CYP,2036,45.852981210677655
CYP,2037,46.0291992421168
CYP,2038,46.20386970623294
CYP,2039,46.377012900275005
CYP,2040,46.54864876808991
CYP,2041,46.62319377140372
CYP,2042,46.69721408493569
CYP,2043,46.7707152288528
CYP,2044,46.84370264615702
CYP,2045,46.916181704028986
CYP,2046,47.01121798690653
CYP,2047,47.105689278839606
CYP,2048,47.199600603205106
CYP,2049,47.29295692400497
CYP,2050,47.38576314674081
CZE,2020,32.66986743137735
CZE,2021,32.70159422160008
CZE,2022,32.733207558259664
CZE,2023,32.76470804882714
CZE,2024,32.79609629644447
CZE,2025,32.82737289996301
CZE,2026,32.91650653959961
CZE,2027,33.005731579073824
CZE,2028,33.09504815904325
CZE,2029,33.18445642045425
CZE,2030,33.27395650454267
CZE,2031,33.33128980090024
CZE,2032,33.388767805756025
CZE,2033,33.44639106766587
CZE,2034,33.504160137961726
CZE,2035,33.56207557076923
CZE,2036,33.620953824372265
CZE,2037,33.679984498300925
CZE,2038,33.73916818518656
CZE,2039,33.79850548073679
CZE,2040,33.85799698375554
CZE,2041,33.90805051823667
CZE,2042,33.95820610284398
CZE,2043,34.008464049988625
CZE,2044,34.058824673358295
CZE,2045,34.109288287923675
CZE,2046,34.15148270703426
CZE,2047,34.19374285164128
CZE,2048,34.23606887543357
CZE,2049,34.27846093257954
CZE,2050,34.32091917772902
DEU,2020,48.47615356455081
DEU,2021,48.50982991426567
DEU,2022,48.543450112326155
DEU,2023,48.57701429905547
DEU,2024,48.61052261430963
DEU,2025,48.643975197479435
DEU,2026,48.719677143106566
DEU,2027,48.79538946760163
DEU,2028,48.871112173099256
DEU,2029,48.946845261734616
DEU,2030,49.022588735643446
DEU,2031,49.04665390057253
DEU,2032,49.07073465043807
DEU,2033,49.0948310003845
DEU,2034,49.118942965575904
DEU,2035,49.14307056119597
DEU,2036,49.167829730990185
DEU,2037,49.19260558210908
DEU,2038,49.21739813141673
DEU,2039,49.24220739579994
DEU,2040,49.26703339216832
DEU,2041,49.26248279408362
DEU,2042,49.2579279246136
DEU,2043,49.2533687777415
DEU,2044,49.24880534743924
DEU,2045,49.24423762766738
DEU,2046,49.25376210242092
DEU,2047,49.26330100093917
DEU,2048,49.272854356011784
DEU,2049,49.28242220052782
DEU,2050,49.29200456747625
DNK,2020,50.07820020477752
DNK,2021,50.30014082570953
DNK,2022,50.52097759169275
DNK,2023,50.740718717580336
DNK,2024,50.95937233691432
DNK,2025,51.176946502929034
DNK,2026,51.387648836506095
DNK,2027,51.59722139740619
DNK,2028,51.80567324798859
DNK,2029,52.013013353947294
DNK,2030,52.219250585596434
DNK,2031,52.354258450834976
DNK,2032,52.48876795512326
DNK,2033,52.62278185281279
DNK,2034,52.75630287799544
DNK,2035,52.889333744689154
DNK,2036,53.05452181361663
DNK,2037,53.219308108189196
DNK,2038,53.383694092434204
DNK,2039,53.54768122327452
DNK,2040,53.71127095057174
DNK,2041,53.81132406042235
DNK,2042,53.91121495631422
DNK,2043,54.01094403241881
DNK,2044,54.110511681631586
DNK,2045,54.20991829557702
DNK,2046,54.32073542209689
DNK,2047,54.43142072576275
DNK,2048,54.54197444165021
DNK,2049,54.6523968042763
DNK,2050,54.762688047601
ESP,2020,23.132991006973516
ESP,2021,23.20438416801852
ESP,2022,23.275185331375756
ESP,2023,23.34540182997943
ESP,2024,23.415040876153334
ESP,2025,23.484109564080423
ESP,2026,23.621940996536228
ESP,2027,23.75927690033687
ESP,2028,23.896119942958556
ESP,2029,24.032472772766088
ESP,2030,24.168338019183736
ESP,2031,24.31526798227086
ESP,2032,24.461759825757028
ESP,2033,24.607815506319696
ESP,2034,24.753436969002085
ESP,2035,24.898626147299492
ESP,2036,25.053393838237376
ESP,2037,25.20782666335266
ESP,2038,25.361925708278303
ESP,2039,25.515692053959537
ESP,2040,25.669126776679075
ESP,2041,25.80665634361173
ESP,2042,25.944071490256604
ESP,2043,26.08137235934547
ESP,2044,26.218559093372775
ESP,2045,26.355631834596196
ESP,2046,26.517676332425467
ESP,2047,26.67989307941717
ESP,2048,26.842282350362034
ESP,2049,27.004844420635617
ESP,2050,27.16757956619984
EST,2020,31.487151314840396
EST,2021,31.573783234651657
EST,2022,31.660610390799466
EST,2023,31.747633444014177
EST,2024,31.83485305801096
EST,2025,31.922269899506695
EST,2026,31.970630342721687
EST,2027,32.01919651754748
EST,2028,32.06796973959595
EST,2029,32.116951335720444
EST,2030,32.16614264413594
EST,2031,32.155970010983054
EST,2032,32.145752422894624
EST,2033,32.13548958121319
EST,2034,32.12518118463
EST,2035,32.11482692915537
EST,2036,32.094960820228245
EST,2037,32.075017727974874
EST,2038,32.05499720404849
EST,2039,32.03489879661396
EST,2040,32.01472205031388
EST,2041,31.97670073937049
EST,2042,31.938537418725232
EST,2043,31.90023129127956
EST,2044,31.86178155395831
EST,2045,31.823187397653502
EST,2046,31.791914003663916
EST,2047,31.76050792392047
EST,2048,31.728968312195672
EST,2049,31.697294315050787
EST,2050,31.665485071758763
FIN,2020,44.99930154476106
FIN,2021,45.07000777544425
FIN,2022,45.14066158578403
FIN,2023,45.21126303405408
FIN,2024,45.2818121784417
FIN,2025,45.35230907704807
FIN,2026,45.46398086140369
FIN,2027,45.57579919142629
FIN,2028,45.68776435577069
FIN,2029,45.79987664385029
FIN,2030,45.91213634583962
FIN,2031,45.98547242359225
FIN,2032,46.059012772318844
FIN,2033,46.132758246677064
FIN,2034,46.206709706098955
FIN,2035,46.28086801482437
FIN,2036,46.38320138971562
FIN,2037,46.485945879710194
FIN,2038,46.58910396722128
FIN,2039,46.6926781546883
FIN,2040,46.796670964779224
FIN,2041,46.861402647184164
FIN,2042,46.92644557806267
FIN,2043,46.99180200768243
FIN,2044,47.05747420805558
FIN,2045,47.123464473201935
FIN,2046,47.19967000234181
FIN,2047,47.27627860613036
FIN,2048,47.35329349102758
FIN,2049,47.430717897593745
FIN,2050,47.50855510094393
FRA,2020,45.24166098955254
FRA,2021,45.29979628814783
FRA,2022,45.35764253665166
FRA,2023,45.415201885464064
FRA,2024,45.47247646370714
FRA,2025,45.52946837948767
FRA,2026,45.64354619279164
FRA,2027,45.75714807669191
FRA,2028,45.87027700333463
FRA,2029,45.98293592016948
FRA,2030,46.09512775020583
FRA,2031,46.212899380050224
FRA,2032,46.330257958037556
FRA,2033,46.44720565336391
FRA,2034,46.563744620062856
FRA,2035,46.67987699713765
FRA,2036,46.816741656556914
FRA,2037,46.95325352279337
FRA,2038,47.08941395817265
FRA,2039,47.2252243180152
FRA,2040,47.36068595068116
FRA,2041,47.45268133526971
FRA,2042,47.54456437315872
FRA,2043,47.63633527002285
FRA,2044,47.72799423103498
FRA,2045,47.819541460867825
FRA,2046,47.94084648920095
FRA,2047,48.062154897464175
FRA,2048,48.183466685798784
FRA,2049,48.30478185434605
FRA,2050,48.42610040324719
GBR,2020,39.808582546620045
GBR,2021,40.1262815526915
GBR,2022,40.44398055876295
GBR,2023,40.761679564834395
GBR,2024,41.07937857090584
GBR,2025,41.397077576977296
GBR,2026,41.74055624315608
GBR,2027,42.08403490933486
GBR,2028,42.427513575513636
GBR,2029,42.770992241692426
GBR,2030,43.1144709078712
GBR,2031,43.441466337209306
GBR,2032,43.76846176654742
GBR,2033,44.09545719588551
GBR,2034,44.42245262522362
GBR,2035,44.74944805456172
GBR,2036,45.076443483899816
GBR,2037,45.40343891323792
GBR,2038,45.730434342576025
GBR,2039,46.05742977191412
GBR,2040,46.384425201252235
GBR,2041,46.711502423226
GBR,2042,47.03857964519977
GBR,2043,47.36565686717353
GBR,2044,47.69273408914729
GBR,2045,48.019811311121046
GBR,2046,48.346888533094805
GBR,2047,48.67396575506857
GBR,2048,49.00104297704233
GBR,2049,49.3281201990161
GBR,2050,49.655197420989865
GRC,2020,30.225963092784895
GRC,2021,30.349901507428545
GRC,2022,30.474709609948338
GRC,2023,30.600396586600965
GRC,2024,30.726971753475862
GRC,2025,30.85444455879709
GRC,2026,31.060027407091585
GRC,2027,31.267242679079818
GRC,2028,31.476109895572133
GRC,2029,31.686648889868838
GRC,2030,31.898879814038356
GRC,2031,32.1484160023666
GRC,2032,32.399890904223106
GRC,2033,32.653327201295454
GRC,2034,32.90874793047108
GRC,2035,33.16617649081777
GRC,2036,33.42247933439787
GRC,2037,33.68076391467183
GRC,2038,33.94105330505982
GRC,2039,34.2033709385703
GRC,2040,34.46774061483244
GRC,2041,34.59290060358641
GRC,2042,34.71906343351894
GRC,2043,34.84624120596942
GRC,2044,34.97444621776698
GRC,2045,35.103690965193934
GRC,2046,35.244026059551736
GRC,2047,35.38558953685223
GRC,2048,35.52839759643949
GRC,2049,35.672466723754496
GRC,2050,35.817813696678996
HRV,2020,38.121470726628836
HRV,2021,38.15642475107747
HRV,2022,38.19179656614203
HRV,2023,38.2275937073679
HRV,2024,38.26382389261799
HRV,2025,38.300495027620116
HRV,2026,38.315373504446676
HRV,2027,38.33041772142574
HRV,2028,38.34563046348513
HRV,2029,38.36101457829758
HRV,2030,38.37657297805773
HRV,2031,38.445415578321644
HRV,2032,38.51503699644058
HRV,2033,38.5854505237726
HRV,2034,38.656669755847744
HRV,2035,38.728708601119266
HRV,2036,38.80470276673003
HRV,2037,38.881594121301475
HRV,2038,38.95939864753161
HRV,2039,39.03813271001125
HRV,2040,39.117813066698936
HRV,2041,39.14901898329854
HRV,2042,39.18061116102681
HRV,2043,39.21259681614897
HRV,2044,39.244983345812386
HRV,2045,39.277778333749765
HRV,2046,39.308929216051645
HRV,2047,39.34047466291151
HRV,2048,39.37242221858223
HRV,2049,39.40477962088304
HRV,2050,39.43755480744772
HUN,2020,41.041485738845665
HUN,2021,41.005655412839886
HUN,2022,40.96971511040423
HUN,2023,40.93366432442334
HUN,2024,40.89750254465925
HUN,2025,40.86122925772728
HUN,2026,40.85572706201245
HUN,2027,40.85020706061272
HUN,2028,40.84466916695639
HUN,2029,40.83911329390965
HUN,2030,40.833539353772004
HUN,2031,40.79526994403361
HUN,2032,40.75686287765031
HUN,2033,40.718317410548906
HUN,2034,40.67963279328398
HUN,2035,40.64080827098932
HUN,2036,40.6065380422082
HUN,2037,40.572135453666306
HUN,2038,40.53759973707273
HUN,2039,40.50293011817893
HUN,2040,40.468125816720836
HUN,2041,40.43218992142532
HUN,2042,40.39611588381927
HUN,2043,40.35990290581285
HUN,2044,40.32355018315667
HUN,2045,40.287056905382165
HUN,2046,40.24181306419175
HUN,2047,40.19641307516911
HUN,2048,40.15085612855893
HUN,2049,40.10514140899728
HUN,2050,40.05926809546281
IRL,2020,33.76001423287231
IRL,2021,33.69652761498524
IRL,2022,33.63456813404682
IRL,2023,33.57408134319722
IRL,2024,33.51501535342954
IRL,2025,33.457320685127115
IRL,2026,33.502560622245475
IRL,2027,33.54701992691407
IRL,2028,33.590718631468114
IRL,2029,33.63367608863847
IRL,2030,33.67591100012899
IRL,2031,33.729831494266485
IRL,2032,33.782941572904896
IRL,2033,33.83525937036899
IRL,2034,33.88680248394377
IRL,2035,33.93758799360858
IRL,2036,34.011044010454555
IRL,2037,34.08353505326438
IRL,2038,34.15508001290356
IRL,2039,34.2256972903438
IRL,2040,34.29540481244094
IRL,2041,34.35899032123624
IRL,2042,34.42185661343139
IRL,2043,34.48401582300644
IRL,2044,34.545479812516334
IRL,2045,34.60626018063805
IRL,2046,34.69943709885042
IRL,2047,34.79176408323689
IRL,2048,34.88325271028723
IRL,2049,34.973914347205195
IRL,2050,35.063760156616794
ITA,2020,50.39218819980912
ITA,2021,50.37832882911343
ITA,2022,50.36445122704662
ITA,2023,50.35055535761123
ITA,2024,50.3366411847149
ITA,2025,50.322708672170194
ITA,2026,50.35529649214458
ITA,2027,50.38791601870585
ITA,2028,50.42056729815028
ITA,2029,50.45325037686432
ITA,2030,50.485965301324875
ITA,2031,50.54228266123872
ITA,2032,50.598687543860024
ITA,2033,50.655180153375774
ITA,2034,50.7117606946086
ITA,2035,50.76842937301926
ITA,2036,50.84264640912066
ITA,2037,50.917030364312915
ITA,2038,50.991581802348314
ITA,2039,51.06630128952071
ITA,2040,51.14118939467981
ITA,2041,51.187104443523985
ITA,2042,51.23317595563033
ITA,2043,51.27940473212622
ITA,2044,51.32579157961761
ITA,2045,51.37233731023604
ITA,2046,51.46138129688845
ITA,2047,51.55087883989334
ITA,2048,51.64083341346538
ITA,2049,51.73124852739307
ITA,2050,51.82212772749529
LTU,2020,32.601951000718785
LTU,2021,32.49545081129667
LTU,2022,32.38762788833717
LTU,2023,32.2784574353058
LTU,2024,32.16791403197533
LTU,2025,32.05597161469248
LTU,2026,32.0538301845432
LTU,2027,32.05164605049051
LTU,2028,32.04941792228246
LTU,2029,32.04714445716018
LTU,2030,32.04482425715953
LTU,2031,32.22997026055459
LTU,2032,32.418729101987644
LTU,2033,32.61120757180679
LTU,2034,32.80751671100191
LTU,2035,33.00777202481902
LTU,2036,33.18304770165323
LTU,2037,33.361603225774296
LTU,2038,33.54353152791243
LTU,2039,33.728929083053615
LTU,2040,33.91789608103268
LTU,2041,34.11484740744321
LTU,2042,34.315348437215285
LTU,2043,34.51949600881759
LTU,2044,34.72739051547527
LTU,2045,34.93913606979118
LTU,2046,35.137860416533016
LTU,2047,35.340138074804294
LTU,2048,35.54606520736856
LTU,2049,35.755741478495175
LTU,2050,35.96927021479565
LUX,2020,50.95833917822251
LUX,2021,51.475779879275784
LUX,2022,51.98148082154054
LUX,2023,52.47583705322019
LUX,2024,52.95922609439313
LUX,2025,53.43200889849224
LUX,2026,54.02411352512155
LUX,2027,54.60555845100624
LUX,2028,55.17662896907217
LUX,2029,55.737600281610845
LUX,2030,56.28873794249355
LUX,2031,56.87684464318348
LUX,2032,57.45645633208646
LUX,2033,58.027755750941594
LUX,2034,58.59092043736877
LUX,2035,59.146122908812664
LUX,2036,59.765413257637384
LUX,2037,60.37753211270705
LUX,2038,60.982603327681424
LUX,2039,61.580747920562295
LUX,2040,62.17208415438545
LUX,2041,62.697794735764184
LUX,2042,63.21869112516593
LUX,2043,63.73483915009105
LUX,2044,64.24630344335026
LUX,2045,64.7531474700449
LUX,2046,65.32844779544997
LUX,2047,65.89986930216162
LUX,2048,66.46745108633057
LUX,2049,67.03123172044619
LUX,2050,67.59124926207465
LVA,2020,28.51069975444124
LVA,2021,28.57730421325979
LVA,2022,28.645212562055903
LVA,2023,28.71446346794721
LVA,2024,28.785097142223727
LVA,2025,28.857155418208364
LVA,2026,28.966978372869626
LVA,2027,29.07934642634266
LVA,2028,29.194349088122323
LVA,2029,29.312080114815014
LVA,2030,29.432637765062655
LVA,2031,29.63576006168615
LVA,2032,29.84343758489962
LVA,2033,30.055825305864918
LVA,2034,30.2730853059738
LVA,2035,30.495387189359953
LVA,2036,30.679957743297813
LVA,2037,30.86837949539628
LVA,2038,31.06077425351435
LVA,2039,31.257269017054565
LVA,2040,31.45799625652623
LVA,2041,31.66352064418057
LVA,2042,31.873058602000896
LVA,2043,32.086728857399045
LVA,2044,32.30465486726793
LVA,2045,32.52696505584766
LVA,2046,32.72645619295099
LVA,2047,32.92970000671103
LVA,2048,33.13680339131422
LVA,2049,33.347877339674554
LVA,2050,33.563037141786
MLT,2020,26.26202376534687
MLT,2021,26.35883575316844
MLT,2022,26.451939750084115
MLT,2023,26.541544782489364
MLT,2024,26.627844455606976
MLT,2025,26.711018349876365
MLT,2026,26.928065078998063
MLT,2027,27.14034915855034
MLT,2028,27.348025647313406
MLT,2029,27.55124294528111
MLT,2030,27.750143147304783
MLT,2031,27.868259726863926
MLT,2032,27.984362822734077
MLT,2033,28.098503484321654
MLT,2034,28.210731049768736
MLT,2035,28.321093217062785
MLT,2036,28.47402170016101
MLT,2037,28.62491641842215
MLT,2038,28.77381767380069
MLT,2039,28.920764710384518
MLT,2040,29.0657957488778
MLT,2041,29.092709048053663
MLT,2042,29.1193256412398
MLT,2043,29.145650408096405
MLT,2044,29.171688121865113
MLT,2045,29.19744345225436
MLT,2046,29.240077949929077
MLT,2047,29.282304317958587
MLT,2048,29.324128388814763
MLT,2049,29.36555588436263
MLT,2050,29.406592418469938
NLD,2020,46.71435029289189
NLD,2021,46.88040110646305
NLD,2022,47.04514094447044
NLD,2023,47.20858527114893
NLD,2024,47.37074930846496
NLD,2025,47.531648040842434
NLD,2026,47.75661292362713
NLD,2027,47.98047393329815
NLD,2028,48.20323917481093
NLD,2029,48.42491667396944
NLD,2030,48.645514378389976
NLD,2031,48.905225665650356
NLD,2032,49.164074595806404
NLD,2033,49.422065456853346
NLD,2034,49.67920250840463
NLD,2035,49.935489981926146
NLD,2036,50.23711611084294
NLD,2037,50.5383018129061
NLD,2038,50.83904805206211
NLD,2039,51.1393557894465
NLD,2040,51.43922598339406
NLD,2041,51.73047471533657
NLD,2042,52.0217234216548
NLD,2043,52.31297210234872
NLD,2044,52.60422075741839
NLD,2045,52.895469386863795
NLD,2046,53.2121791295619
NLD,2047,53.52919221531486
NLD,2048,53.8465090801422
NLD,2049,54.16413016089953
NLD,2050,54.48205589528048
POL,2020,37.42088776993134
POL,2021,37.7697461812357
POL,2022,38.11998510233509
POL,2023,38.47161274394862
POL,2024,38.82463738203685
POL,2025,39.17906735845108
POL,2026,39.534991066563734
POL,2027,39.89300678028309
POL,2028,40.25313299818228
POL,2029,40.615388437577536
POL,2030,40.979792037771
POL,2031,41.261575506413514
POL,2032,41.545349384744654
POL,2033,41.83113483674047
POL,2034,42.11895332749228
POL,2035,42.408826628581096
POL,2036,42.71457839485979
POL,2037,43.02272854732473
POL,2038,43.33330541732232
POL,2039,43.64633778418808
POL,2040,43.96185488413662
POL,2041,44.21321235378068
POL,2042,44.46674324294925
POL,2043,44.72247586349405
POL,2044,44.98043902114696
POL,2045,45.24066202633648
POL,2046,45.51126611717811
POL,2047,45.78435928039202
POL,2048,46.05997601715611
POL,2049,46.338151469238504
POL,2050,46.6189214339343
PRT,2020,36.76606457396257
PRT,2021,36.86097865577195
PRT,2022,36.956154850300244
PRT,2023,37.05159424481614
PRT,2024,37.14729793261011
PRT,2025,37.24326701303618
PRT,2026,37.35063736816259
PRT,2027,37.45856300287444
PRT,2028,37.56704823588874
PRT,2029,37.67609743082424
PRT,2030,37.78571499678665
PRT,2031,37.84765696453976
PRT,2032,37.90994501922861
PRT,2033,37.97258206950429
PRT,2034,38.035571056703425
PRT,2035,38.09891495530855
PRT,2036,38.17971746766529
PRT,2037,38.26105090645695
PRT,2038,38.342920521743295
PRT,2039,38.42533163303317
PRT,2040,38.508289630436714
PRT,2041,38.543408272376304
PRT,2042,38.578806689153474
PRT,2043,38.614488237404046
PRT,2044,38.65045632767498
PRT,2045,38.686714425511134
PRT,2046,38.74316521561916
PRT,2047,38.8001336210018
PRT,2048,38.857626793717785
PRT,2049,38.91565201819862
PRT,2050,38.97421671432536
ROU,2020,26.87526750361637
ROU,2021,27.019430778737583
ROU,2022,27.165945357959803
ROU,2023,27.31486923893544
ROU,2024,27.466262342569486
ROU,2025,27.620186593406814
ROU,2026,27.81713104774254
ROU,2027,28.017098849819362
ROU,2028,28.22016015648258
ROU,2029,28.4263873121531
ROU,2030,28.635854934761348
ROU,2031,28.918025167983412
ROU,2032,29.20430251661198
ROU,2033,29.49477730941949
ROU,2034,29.789542543570363
ROU,2035,30.088693983887396
ROU,2036,30.37607020460688
ROU,2037,30.667472946581487
ROU,2038,30.962987432189458
ROU,2039,31.262701305902468
ROU,2040,31.5667047209488
ROU,2041,31.904676223057603
ROU,2042,32.24725453304639
ROU,2043,32.59453448869819
ROU,2044,32.946613548946104
ROU,2045,33.303591885058346
ROU,2046,33.648147952169595
ROU,2047,33.99720220746376
ROU,2048,34.35084331564178
ROU,2049,34.70916228706711
ROU,2050,35.072252555851556
SVK,2020,21.235702119036482
SVK,2021,21.29322438627396
SVK,2022,21.350703633167498
SVK,2023,21.408139907960795
SVK,2024,21.465533258825452
SVK,2025,21.522883733861093
SVK,2026,21.602187902274782
SVK,2027,21.6816499574408
SVK,2028,21.761270371334344
SVK,2029,21.84104961781365
SVK,2030,21.920988172629418
SVK,2031,21.954442790248304
SVK,2032,21.988036005744114
SVK,2033,22.021768682192533
SVK,2034,22.05564168985023
SVK,2035,22.089655906229645
SVK,2036,22.13704074769895
SVK,2037,22.184681008914207
SVK,2038,22.23257876065006
SVK,2039,22.28073609612644
SVK,2040,22.32915513131351
SVK,2041,22.360160903550547
SVK,2042,22.391355022905056
SVK,2043,22.422739210800636
SVK,2044,22.45431520970252
SVK,2045,22.486084783440162
SVK,2046,22.522232742164118
SVK,2047,22.55861722773117
SVK,2048,22.595240569259584
SVK,2049,22.6321051265486
SVK,2050,22.669213290585304
SVN,2020,32.63127418437219
SVN,2021,32.717373255058625
SVN,2022,32.803156445269686
SVN,2023,32.888625490176906
SVN,2024,32.97378211226641
SVN,2025,33.058628021454524
SVN,2026,33.201210898503696
SVN,2027,33.344017635905445
SVN,2028,33.48704876127742
SVN,2029,33.630304803896635
SVN,2030,33.77378629470602
SVN,2031,33.895397458033415
SVN,2032,34.01727854805212
SVN,2033,34.139430464449696
SVN,2034,34.261854110916495
SVN,2035,34.38455039516789
SVN,2036,34.512039753542886
SVN,2037,34.63984717615791
SVN,2038,34.76797385477374
SVN,2039,34.896420987112535
SVN,2040,35.02518977689513
SVN,2041,35.14330933377281
SVN,2042,35.261798699246675
SVN,2043,35.380659612734206
SVN,2044,35.499893824578635
SVN,2045,35.619503096134856
SVN,2046,35.75817173894893
SVN,2047,35.89742368952021
SVN,2048,36.037262636120225
SVN,2049,36.177692298180915
SVN,2050,36.318716426624384
SWE,2020,56.33503458262634
SWE,2021,56.67356563712833
SWE,2022,57.00662108448258
SWE,2023,57.33433270762032
SWE,2024,57.65682809425426
SWE,2025,57.9742308025003
SWE,2026,58.373934997215414
SWE,2027,58.76846807024679
SWE,2028,59.15792972771081
SWE,2029,59.54241712880422
SWE,2030,59.92202496661196
SWE,2031,60.25680207242881
SWE,2032,60.58792292751499
SWE,2033,60.91544710389213
SWE,2034,61.239432886414086
SWE,2035,61.55993730734494
SWE,2036,61.89692389830231
SWE,2037,62.23054138474782
SWE,2038,62.560840040518414
SWE,2039,62.88786914415213
SWE,2040,63.21167700339757
SWE,2041,63.44849820483636
SWE,2042,63.68302498799647
SWE,2043,63.91529053599172
SWE,2044,64.14532739512318
SWE,2045,64.37316749008232
SWE,2046,64.61097464380585
SWE,2047,64.8466203912452
SWE,2048,65.0801340663137
SWE,2049,65.31154447450125
SWE,2050,65.54087990471976
